"UF";"Cargo";"Número do candidato";"Nome do candidato";"Nome do candidato (urna)";"Partido";"Coligação";"Turno";"Situação de totalização";"Votos nominais do candidato";"Voto em trânsito";"Votos válidos por abrangência";"% votos válidos";"Data última totalização"
"RN";"Presidente";"13";"FERNANDO HADDAD";"FERNANDO HADDAD";"PT";"PT / PC do B / PROS";"1";"2º turno";"738165";"0";"1792253";"41,19";"22/01/2019 14:12:19"
"RN";"Presidente";"17";"JAIR MESSIAS BOLSONARO";"JAIR BOLSONARO";"PSL";"PSL / PRTB";"1";"2º turno";"541448";"0";"1792253";"30,21";"22/01/2019 14:12:19"
"RN";"Presidente";"12";"CIRO FERREIRA GOMES";"CIRO GOMES";"PDT";"PDT / AVANTE";"1";"Não eleito";"399766";"0";"1792253";"22,31";"22/01/2019 14:12:19"
"RN";"Presidente";"45";"GERALDO JOSÉ RODRIGUES ALCKMIN FILHO";"GERALDO ALCKMIN";"PSDB";"PSDB / PTB / PP / PR / DEM / SOLIDARIEDADE / PPS / PRB / PSD";"1";"Não eleito";"40405";"0";"1792253";"2,25";"22/01/2019 14:12:19"
"RN";"Presidente";"51";"BENEVENUTO DACIOLO FONSECA DOS SANTOS";"CABO DACIOLO";"PATRI";"PATRI";"1";"Não eleito";"20575";"0";"1792253";"1,15";"22/01/2019 14:12:19"
"RN";"Presidente";"30";"JOÃO DIONISIO FILGUEIRA BARRETO AMOEDO";"JOÃO AMOÊDO";"NOVO";"NOVO";"1";"Não eleito";"15570";"0";"1792253";",87";"22/01/2019 14:12:19"
"RN";"Presidente";"15";"HENRIQUE DE CAMPOS MEIRELLES";"HENRIQUE MEIRELLES";"MDB";"MDB / PHS";"1";"Não eleito";"11480";"0";"1792253";",64";"22/01/2019 14:12:19"
"RN";"Presidente";"18";"MARIA OSMARINA MARINA DA SILVA VAZ DE LIMA";"MARINA SILVA";"REDE";"REDE / PV";"1";"Não eleito";"10690";"0";"1792253";",6";"22/01/2019 14:12:19"
"RN";"Presidente";"50";"GUILHERME CASTRO BOULOS";"GUILHERME BOULOS";"PSOL";"PSOL / PCB";"1";"Não eleito";"6975";"0";"1792253";",39";"22/01/2019 14:12:19"
"RN";"Presidente";"19";"ALVARO FERNANDES DIAS";"ALVARO DIAS";"PODE";"PODE / PRP / PSC / PTC";"1";"Não eleito";"5148";"0";"1792253";",29";"22/01/2019 14:12:19"
"RN";"Presidente";"16";"VERA LUCIA PEREIRA DA SILVA SALGADO";"VERA";"PSTU";"PSTU";"1";"Não eleito";"1034";"0";"1792253";",06";"22/01/2019 14:12:19"
"RN";"Presidente";"54";"JOÃO VICENTE FONTELLA GOULART";"JOÃO GOULART FILHO";"PPL";"PPL";"1";"Não eleito";"511";"0";"1792253";",03";"22/01/2019 14:12:19"
"RN";"Presidente";"27";"JOSE MARIA EYMAEL";"EYMAEL";"DC";"DC";"1";"Não eleito";"486";"0";"1792253";",03";"22/01/2019 14:12:19"
"RN";"Governador";"13";"MARIA DE FATIMA BEZERRA";"FATIMA BEZERRA";"PT";"PT / PC do B / PHS";"1";"2º turno";"748150";"0";"1620544";"46,17";"18/12/2018 12:38:34"
"RN";"Governador";"12";"CARLOS EDUARDO NUNES ALVES";"CARLOS EDUARDO";"PDT";"PDT / PP / MDB / PODE / DEM";"1";"2º turno";"525933";"0";"1620544";"32,45";"18/12/2018 12:38:34"
"RN";"Governador";"55";"ROBINSON MESQUITA DE FARIA";"ROBINSON FARIA";"PSD";"PRB / PTB / PR / PPS / PMB / PTC / PSB / PRP / PSDB / PSD / AVANTE / PROS";"1";"Não eleito";"192037";"0";"1620544";"11,85";"18/12/2018 12:38:34"
"RN";"Governador";"77";"BRENNO OLIVEIRA QUEIROGA DE MORAIS";"BRENNO QUEIROGA";"SOLIDARIEDADE";"SOLIDARIEDADE / PV / DC / PSC / PSL / PATRI";"1";"Não eleito";"106345";"0";"1620544";"6,56";"18/12/2018 12:38:34"
"RN";"Governador";"50";"CARLOS ALBERTO FREIRE MEDEIROS";"PROFESSOR CARLOS ALBERTO";"PSOL";"PSOL";"1";"Não eleito";"31306";"0";"1620544";"1,93";"18/12/2018 12:38:34"
"RN";"Governador";"18";"FRANCISCO RAIMUNDO DE FREITAS";"FREITAS JR";"REDE";"REDE";"1";"Não eleito";"9067";"0";"1620544";",56";"18/12/2018 12:38:34"
"RN";"Governador";"28";"HERONILDES BEZERRA DA SILVA";"HERÓ BEZERRA";"PRTB";"PRTB";"1";"Não eleito";"4327";"0";"1620544";",27";"18/12/2018 12:38:34"
"RN";"Governador";"16";"DARIO BARBOSA DE MELO";"DÁRIO BARBOSA";"PSTU";"PSTU";"1";"Não eleito";"3379";"0";"1620544";",21";"18/12/2018 12:38:34"
"RN";"Senador";"180";"EANN STYVENSON VALENTIM MENDES";"CAPITÃO STYVENSON";"REDE";"REDE";"1";"Eleito";"745827";"0";"2909592";"25,63";"18/12/2018 12:38:34"
"RN";"Senador";"313";"ZENAIDE MAIA CALADO PEREIRA DOS SANTOS";"DRª ZENAIDE MAIA";"PHS";"PT / PC do B / PHS";"1";"Eleito";"660315";"0";"2909592";"22,69";"18/12/2018 12:38:34"
"RN";"Senador";"456";"GERALDO JOSE DA CAMARA FERREIRA DE MELO";"GERALDO MELO";"PSDB";"PRB / PTB / PR / PPS / PMB / PTC / PSB / PRP / PSDB / PSD / AVANTE / PROS";"1";"Não eleito";"382249";"0";"2909592";"13,14";"18/12/2018 12:38:34"
"RN";"Senador";"154";"GARIBALDI ALVES FILHO";"GARIBALDI FILHO";"MDB";"PDT / PP / MDB / PODE / DEM";"1";"Não eleito";"376199";"0";"2909592";"12,93";"18/12/2018 12:38:34"
"RN";"Senador";"199";"ANTÔNIO JÁCOME DE LIMA JUNIOR";"JÁCOME";"PODE";"PDT / PP / MDB / PODE / DEM";"1";"Não eleito";"307399";"0";"2909592";"10,57";"18/12/2018 12:38:34"
"RN";"Senador";"131";"ALEXANDRE MOTTA CAMARA";"ALEXANDRE MOTTA";"PT";"PT / PC do B / PHS";"1";"Não eleito";"242465";"0";"2909592";"8,33";"18/12/2018 12:38:34"
"RN";"Senador";"777";"MARIA MAGNOLIA SOUSA FIGUEIREDO";"MAGNÓLIA";"SOLIDARIEDADE";"SOLIDARIEDADE / PV / DC / PSC / PSL / PATRI";"1";"Não eleito";"114055";"0";"2909592";"3,92";"18/12/2018 12:38:34"
"RN";"Senador";"502";"TELMA GURGEL DA SILVA";"TELMA GURGEL";"PSOL";"PSOL";"1";"Não eleito";"23846";"0";"2909592";",82";"18/12/2018 12:38:34"
"RN";"Senador";"277";"JOANILSON DE PAULA REGO";"DR JOANILSON";"DC";"SOLIDARIEDADE / PV / DC / PSC / PSL / PATRI";"1";"Não eleito";"15418";"0";"2909592";",53";"18/12/2018 12:38:34"
"RN";"Senador";"282";"LEVI FERREIRA DA COSTA";"LEVI COSTA";"PRTB";"PRTB";"1";"Não eleito";"14709";"0";"2909592";",51";"18/12/2018 12:38:34"
"RN";"Senador";"161";"ANA CELIA SIQUEIRA FERREIRA";"ANA CELIA";"PSTU";"PSTU";"1";"Não eleito";"8233";"0";"2909592";",28";"18/12/2018 12:38:34"
"RN";"Senador";"500";"LAILSON DE ALMEIDA";"PROFESSOR LAILSON";"PSOL";"PSOL";"1";"Não eleito";"7420";"0";"2909592";",26";"18/12/2018 12:38:34"
"RN";"Senador";"188";"JOÃO MARIA NAPOLEÃO DE MEDEIROS";"NAPOLEÃO";"REDE";"REDE";"1";"Não eleito";"7166";"0";"2909592";",25";"18/12/2018 12:38:34"
"RN";"Senador";"169";"JOÃO MORAIS PEREIRA";"JOÃO MORAIS ";"PSTU";"PSTU";"1";"Não eleito";"4291";"0";"2909592";",15";"18/12/2018 12:38:34"
"RN";"Deputado Federal";"3666";"LUIZ BENES LEOCADIO DE ARAUJO";"BENES LEOCADIO";"PTC";"PRB / PTB / PR / PPS / PMB / PTC / PSB / PSDB / PSD / AVANTE / PROS";"1";"Eleito";"125841";"0";"1618823";"7,77";"18/12/2018 12:38:35"
"RN";"Deputado Federal";"1311";"NATALIA BASTOS BONAVIDES";"NATALIA BONAVIDES";"PT";"PT / PC do B / PHS";"1";"Eleito";"112998";"0";"1618823";"6,98";"18/12/2018 12:38:35"
"RN";"Deputado Federal";"1333";"FERNANDO WANDERLEY VARGAS DA SILVA";"MINEIRO";"PT";"PT / PC do B / PHS";"1";"Suplente";"98070";"0";"1618823";"6,06";"18/12/2018 12:38:35"
"RN";"Deputado Federal";"2222";"JOÃO DA SILVA MAIA";"JOÃO MAIA";"PR";"PRB / PTB / PR / PPS / PMB / PTC / PSB / PSDB / PSD / AVANTE / PROS";"1";"Eleito";"93505";"0";"1618823";"5,78";"18/12/2018 12:38:35"
"RN";"Deputado Federal";"4040";"RAFAEL HUETE DA MOTTA";"RAFAEL MOTTA";"PSB";"PRB / PTB / PR / PPS / PMB / PTC / PSB / PSDB / PSD / AVANTE / PROS";"1";"Eleito";"82791";"0";"1618823";"5,11";"18/12/2018 12:38:35"
"RN";"Deputado Federal";"1777";"ELIESER GIRAO MONTEIRO FILHO";"GENERAL GIRAO";"PSL";"SOLIDARIEDADE / PSL / DC / PV / PSC";"1";"Eleito";"81640";"0";"1618823";"5,04";"18/12/2018 12:38:35"
"RN";"Deputado Federal";"1511";"WALTER PEREIRA ALVES";"WALTER ALVES";"MDB";"PDT / PP / MDB / PODE / DEM";"1";"Eleito";"79333";"0";"1618823";"4,9";"18/12/2018 12:38:35"
"RN";"Deputado Federal";"1111";"CARLOS ALBERTO DE SOUSA ROSADO SEGUNDO";"BETO";"PP";"PDT / PP / MDB / PODE / DEM";"1";"Eleito";"71092";"0";"1618823";"4,39";"18/12/2018 12:38:35"
"RN";"Deputado Federal";"5555";"FÁBIO SALUSTINO MESQUITA DE FARIA";"FÁBIO FARIA";"PSD";"PRB / PTB / PR / PPS / PMB / PTC / PSB / PSDB / PSD / AVANTE / PROS";"1";"Eleito";"70350";"0";"1618823";"4,35";"18/12/2018 12:38:35"
"RN";"Deputado Federal";"2512";"JOSÉ AGRIPINO MAIA";"JOSÉ AGRIPINO";"DEM";"PDT / PP / MDB / PODE / DEM";"1";"Suplente";"64678";"0";"1618823";"4";"18/12/2018 12:38:35"
"RN";"Deputado Federal";"9011";"HILKEA CARLA DE SOUZA MEDEIROS LIMA";"CARLA DICKSON OFTALMOLOGISTA";"PROS";"PRB / PTB / PR / PPS / PMB / PTC / PSB / PSDB / PSD / AVANTE / PROS";"1";"Suplente";"60590";"0";"1618823";"3,74";"18/12/2018 12:38:35"
"RN";"Deputado Federal";"4545";"ROGERIO SIMONETTI MARINHO";"ROGERIO MARINHO";"PSDB";"PRB / PTB / PR / PPS / PMB / PTC / PSB / PSDB / PSD / AVANTE / PROS";"1";"Suplente";"59961";"0";"1618823";"3,7";"18/12/2018 12:38:35"
"RN";"Deputado Federal";"7070";"KARLA VERUSKA FERNANDES DA SILVA BARBOSA";"KARLA VERUSKA";"AVANTE";"PRB / PTB / PR / PPS / PMB / PTC / PSB / PSDB / PSD / AVANTE / PROS";"1";"Suplente";"42784";"0";"1618823";"2,64";"18/12/2018 12:38:35"
"RN";"Deputado Federal";"1010";"ABRAAO LINCOLN FERREIRA DA CRUZ";"ABRAÃO LINCOLN";"PRB";"PRB / PTB / PR / PPS / PMB / PTC / PSB / PSDB / PSD / AVANTE / PROS";"1";"Suplente";"42431";"0";"1618823";"2,62";"18/12/2018 12:38:35"
"RN";"Deputado Federal";"7788";"LAWRENCE CARLOS AMORIM DE ARAUJO";"LAWRENCE";"SOLIDARIEDADE";"SOLIDARIEDADE / PSL / DC / PV / PSC";"1";"Suplente";"24551";"0";"1618823";"1,52";"18/12/2018 12:38:35"
"RN";"Deputado Federal";"7777";"FRANCISCO SALISMAR LOPES CORREIA";"SALISMAR";"SOLIDARIEDADE";"SOLIDARIEDADE / PSL / DC / PV / PSC";"1";"Suplente";"24270";"0";"1618823";"1,5";"18/12/2018 12:38:35"
"RN";"Deputado Federal";"1313";"FRANCISCO CARAMURU DE OLIVEIRA MONTE PAIVA E AZEVEDO";"CARAMURU PAIVA";"PT";"PT / PC do B / PHS";"1";"Suplente";"23813";"0";"1618823";"1,47";"18/12/2018 12:38:35"
"RN";"Deputado Federal";"3535";"ROBSON RICARDO MACHADO LIMA DE CARVALHO";"ROBSON CARVALHO";"PMB";"PRB / PTB / PR / PPS / PMB / PTC / PSB / PSDB / PSD / AVANTE / PROS";"1";"Suplente";"18576";"0";"1618823";"1,15";"18/12/2018 12:38:35"
"RN";"Deputado Federal";"1977";"ANTHONY THIAGO CARTAXO FERREIRA";"THIAGO CARTAXO";"PODE";"PDT / PP / MDB / PODE / DEM";"1";"Suplente";"16682";"0";"1618823";"1,03";"18/12/2018 12:38:35"
"RN";"Deputado Federal";"4343";"BERTONNE BORGES MARINHO";"BERTONE";"PV";"SOLIDARIEDADE / PSL / DC / PV / PSC";"1";"Suplente";"15562";"0";"1618823";",96";"18/12/2018 12:38:35"
"RN";"Deputado Federal";"3133";"GARIBALDE LEITE DE OLIVEIRA";"GARIBALDE LEITE";"PHS";"PT / PC do B / PHS";"1";"Suplente";"12513";"0";"1618823";",77";"18/12/2018 12:38:35"
"RN";"Deputado Federal";"7700";"ARTHUR FELIPE LIMA DUTRA DE ALMEIDA";"ARTHUR DUTRA";"SOLIDARIEDADE";"SOLIDARIEDADE / PSL / DC / PV / PSC";"1";"Suplente";"11762";"0";"1618823";",73";"18/12/2018 12:38:35"
"RN";"Deputado Federal";"7000";"JOSE GILVAN ALVES";"GILVAN ALVES";"AVANTE";"PRB / PTB / PR / PPS / PMB / PTC / PSB / PSDB / PSD / AVANTE / PROS";"1";"Suplente";"11400";"0";"1618823";",7";"18/12/2018 12:38:35"
"RN";"Deputado Federal";"1414";"LUIZ GONZAGA DE PONTES LUCENA";"DELEGADO LUCENA";"PTB";"PRB / PTB / PR / PPS / PMB / PTC / PSB / PSDB / PSD / AVANTE / PROS";"1";"Suplente";"10799";"0";"1618823";",67";"18/12/2018 12:38:35"
"RN";"Deputado Federal";"7733";"JOSÉ PEDRO DE ARAUJO NETO";"JOSÉ PEDRO, O GARI";"SOLIDARIEDADE";"SOLIDARIEDADE / PSL / DC / PV / PSC";"1";"Suplente";"10705";"0";"1618823";",66";"18/12/2018 12:38:35"
"RN";"Deputado Federal";"1244";"FRANCISCO DAS CHAGAS CATARINO";"CHAGAS CATARINO";"PDT";"PDT / PP / MDB / PODE / DEM";"1";"Suplente";"9989";"0";"1618823";",62";"18/12/2018 12:38:35"
"RN";"Deputado Federal";"5151";"EVANDRO GONÇALVES DA SILVA JÚNIOR";"CABO GONÇALVES";"PATRI";"PATRI / PPL";"1";"Não eleito";"9986";"0";"1618823";",62";"18/12/2018 12:38:35"
"RN";"Deputado Federal";"6500";"CLAUDIO GABRIEL DE MACEDO JUNIOR";"CLAÚDIO GABRIEL";"PC do B";"PT / PC do B / PHS";"1";"Suplente";"9412";"0";"1618823";",58";"18/12/2018 12:38:35"
"RN";"Deputado Federal";"1222";"KERICLIS ALVES RIBEIRO";"KERINHO";"PDT";"PDT / PP / MDB / PODE / DEM";"1";"Suplente";"8990";"0";"1618823";",56";"18/12/2018 12:38:35"
"RN";"Deputado Federal";"3000";"ALAYDE MARIA E SILVA MARTINS PASSAIA";"ALAYDE PASSAIA";"NOVO";"NOVO";"1";"Não eleito";"8340";"0";"1618823";",52";"18/12/2018 12:38:35"
"RN";"Deputado Federal";"7744";"SANDOVAL GONÇALVES DE MELO";"PASTOR SANDOVAL";"SOLIDARIEDADE";"SOLIDARIEDADE / PSL / DC / PV / PSC";"1";"Suplente";"8304";"0";"1618823";",51";"18/12/2018 12:38:35"
"RN";"Deputado Federal";"2018";"RENATO FERNANDES DA SILVA";"RENATO FERNANDES";"PSC";"SOLIDARIEDADE / PSL / DC / PV / PSC";"1";"Suplente";"8132";"0";"1618823";",5";"18/12/2018 12:38:35"
"RN";"Deputado Federal";"3030";"JAIME LUIZ GROFF JÚNIOR";"JAIME GROFF";"NOVO";"NOVO";"1";"Não eleito";"7884";"0";"1618823";",49";"18/12/2018 12:38:35"
"RN";"Deputado Federal";"2788";"ODAIR ALVES DINIZ";"ODAIR DINIZ";"DC";"SOLIDARIEDADE / PSL / DC / PV / PSC";"1";"Suplente";"7851";"0";"1618823";",48";"18/12/2018 12:38:35"
"RN";"Deputado Federal";"1322";"ANA MICHELE DE FARIAS CABRAL";"ANA MICHELE";"PT";"PT / PC do B / PHS";"1";"Suplente";"7631";"0";"1618823";",47";"18/12/2018 12:38:35"
"RN";"Deputado Federal";"2020";"ALESSANDRO DE OLIVEIRA GOMES";"CORONEL GOMES";"PSC";"SOLIDARIEDADE / PSL / DC / PV / PSC";"1";"Suplente";"7450";"0";"1618823";",46";"18/12/2018 12:38:35"
"RN";"Deputado Federal";"7723";"JACKSON DE SANTA CRUZ ALBUQUERQUE BEZERRA";"JACKSON BEZERRA";"SOLIDARIEDADE";"SOLIDARIEDADE / PSL / DC / PV / PSC";"1";"Suplente";"7125";"0";"1618823";",44";"18/12/2018 12:38:35"
"RN";"Deputado Federal";"2323";"GERALDO FERREIRA FILHO";"DR. GERALDO";"PPS";"PRB / PTB / PR / PPS / PMB / PTC / PSB / PSDB / PSD / AVANTE / PROS";"1";"Suplente";"6797";"0";"1618823";",42";"18/12/2018 12:38:35"
"RN";"Deputado Federal";"6565";"ANDERSON JEAN DE ARAUJO ALVES";"ANDERSON ALVES";"PC do B";"PT / PC do B / PHS";"1";"Suplente";"6727";"0";"1618823";",42";"18/12/2018 12:38:35"
"RN";"Deputado Federal";"3533";"ALEXSANDRO VASCONCELOS VALENTIM";"ALEX DO FRANGO";"PMB";"PRB / PTB / PR / PPS / PMB / PTC / PSB / PSDB / PSD / AVANTE / PROS";"1";"Suplente";"6722";"0";"1618823";",42";"18/12/2018 12:38:35"
"RN";"Deputado Federal";"1515";"KATIA MARIA LOBO NUNES";"DRª. KATIA NUNES";"MDB";"PDT / PP / MDB / PODE / DEM";"1";"Suplente";"6680";"0";"1618823";",41";"18/12/2018 12:38:35"
"RN";"Deputado Federal";"7790";"GLAUCIA PAIVA VIRGINIO";"CABO GLAUCIA";"SOLIDARIEDADE";"SOLIDARIEDADE / PSL / DC / PV / PSC";"1";"Suplente";"6144";"0";"1618823";",38";"18/12/2018 12:38:35"
"RN";"Deputado Federal";"1112";"RAIMUNDO ANTUNES DE MIRANDA";"MESTRE RAIMUNDO";"PP";"PDT / PP / MDB / PODE / DEM";"1";"Suplente";"5413";"0";"1618823";",33";"18/12/2018 12:38:35"
"RN";"Deputado Federal";"6544";"NICOLAU CAVALCANTE DANTAS";"PROFESSOR NICOLAU";"PC do B";"PT / PC do B / PHS";"1";"Suplente";"4844";"0";"1618823";",3";"18/12/2018 12:38:35"
"RN";"Deputado Federal";"1144";"JULIANA MARA CORDEIRO DE OLIVEIRA";"JULIANA CORDEIRO";"PP";"PDT / PP / MDB / PODE / DEM";"1";"Suplente";"4803";"0";"1618823";",3";"18/12/2018 12:38:35"
"RN";"Deputado Federal";"7727";"MARIA CACILDA DA SILVA PEREIRA";"CACILDA";"SOLIDARIEDADE";"SOLIDARIEDADE / PSL / DC / PV / PSC";"1";"Suplente";"4332";"0";"1618823";",27";"18/12/2018 12:38:35"
"RN";"Deputado Federal";"3010";"GIORDANO CARLOS DE OLIVEIRA BARRETO";"GIORDANO BARRETO";"NOVO";"NOVO";"1";"Não eleito";"4281";"0";"1618823";",26";"18/12/2018 12:38:35"
"RN";"Deputado Federal";"5522";"ISABEL CRISTINA GORGONIO DE MEDEIROS";"ISABEL MEDEIROS";"PSD";"PRB / PTB / PR / PPS / PMB / PTC / PSB / PSDB / PSD / AVANTE / PROS";"1";"Suplente";"4103";"0";"1618823";",25";"18/12/2018 12:38:35"
"RN";"Deputado Federal";"7707";"KATRIM DE OLIVEIRA PINHEIRO";"KATRIM";"SOLIDARIEDADE";"SOLIDARIEDADE / PSL / DC / PV / PSC";"1";"Suplente";"3886";"0";"1618823";",24";"18/12/2018 12:38:35"
"RN";"Deputado Federal";"1212";"WALTER FERNANDES DE MIRANDA JUNIOR";"WALTER FERNANDES";"PDT";"PDT / PP / MDB / PODE / DEM";"1";"Suplente";"3473";"0";"1618823";",21";"18/12/2018 12:38:35"
"RN";"Deputado Federal";"1555";"LEILA TEIXEIRA DE ARAÚJO";"LEILA TEIXEIRA";"MDB";"PDT / PP / MDB / PODE / DEM";"1";"Suplente";"3309";"0";"1618823";",2";"18/12/2018 12:38:35"
"RN";"Deputado Federal";"1234";"GIVANISE ALVES DA SILVA";"GIL ALVES";"PDT";"PDT / PP / MDB / PODE / DEM";"1";"Suplente";"3299";"0";"1618823";",2";"18/12/2018 12:38:35"
"RN";"Deputado Federal";"6555";"MARIA LUZIA PAIVA BESSA VALE";"LUZIA BESSA";"PC do B";"PT / PC do B / PHS";"1";"Suplente";"3259";"0";"1618823";",2";"18/12/2018 12:38:35"
"RN";"Deputado Federal";"1525";"CLEBER RAIMUNDO DANTAS DE FREITAS";"CLEBAO DE SÃO MIGUEL";"MDB";"PDT / PP / MDB / PODE / DEM";"1";"Suplente";"3110";"0";"1618823";",19";"18/12/2018 12:38:35"
"RN";"Deputado Federal";"4444";"ARCHELAWS SILVA PEREIRA SATIRO";"ARQUELAUS";"PRP";"PRP";"1";"Não eleito";"3021";"0";"1618823";",19";"18/12/2018 12:38:35"
"RN";"Deputado Federal";"5499";"PAULO CESAR PEREIRA";"PAULO ENFERMEIRO";"PPL";"PATRI / PPL";"1";"Não eleito";"3000";"0";"1618823";",19";"18/12/2018 12:38:35"
"RN";"Deputado Federal";"1801";"FRANCISCO MARCIO BEZERRA CAVALCANTI";"MÁRCIO CAVALCANTI";"REDE";"REDE";"1";"Não eleito";"2948";"0";"1618823";",18";"18/12/2018 12:38:35"
"RN";"Deputado Federal";"5005";"ALDICLESIO ALVES MAIA";"ALDICLESIO";"PSOL";"PSOL";"1";"Não eleito";"2787";"0";"1618823";",17";"18/12/2018 12:38:35"
"RN";"Deputado Federal";"1818";"ANTONIEL JORGE DOS SANTOS MOREIRA";"MAJOR MOREIRA";"REDE";"REDE";"1";"Não eleito";"2613";"0";"1618823";",16";"18/12/2018 12:38:35"
"RN";"Deputado Federal";"3003";"CRISTIANO AUGUSTO MENDES DE MEDEIROS";"CRISTIANO MEDEIROS";"NOVO";"NOVO";"1";"Não eleito";"2502";"0";"1618823";",15";"18/12/2018 12:38:35"
"RN";"Deputado Federal";"5444";"EUCANA SAMUEL PEREIRA BEZERRA";"EUCANA SAMUEL";"PPL";"PATRI / PPL";"1";"Não eleito";"2450";"0";"1618823";",15";"18/12/2018 12:38:35"
"RN";"Deputado Federal";"1344";"GILBERTO VERISSÍMO TORRES";"GILBERTO VERISSIMO";"PT";"PT / PC do B / PHS";"1";"Suplente";"2402";"0";"1618823";",15";"18/12/2018 12:38:35"
"RN";"Deputado Federal";"5111";"WALMIR FELIX CAMILO";"WALMIR DO DR";"PATRI";"PATRI / PPL";"1";"Não eleito";"2384";"0";"1618823";",15";"18/12/2018 12:38:35"
"RN";"Deputado Federal";"3100";"ALINE LIMA FERNANDES";"ALINE FERNANDES";"PHS";"PT / PC do B / PHS";"1";"Suplente";"1857";"0";"1618823";",11";"18/12/2018 12:38:35"
"RN";"Deputado Federal";"1346";"CLAUDIO HENRIQUE DE SÁ RODRIGUES";"MAJOR HENRIQUE";"PT";"PT / PC do B / PHS";"1";"Suplente";"1842";"0";"1618823";",11";"18/12/2018 12:38:35"
"RN";"Deputado Federal";"5023";"GLAUCIO TAVARES COSTA";"GLAUCIO TAVARES";"PSOL";"PSOL";"1";"Não eleito";"1818";"0";"1618823";",11";"18/12/2018 12:38:35"
"RN";"Deputado Federal";"5024";"MARTA MARIA SILVA CAMARA";"AMORA BRAYAN";"PSOL";"PSOL";"1";"Não eleito";"1732";"0";"1618823";",11";"18/12/2018 12:38:35"
"RN";"Deputado Federal";"5050";"DANNIEL ALEXANDRE FERREIRA DE MORAIS";"DANNIEL MORAIS";"PSOL";"PSOL";"1";"Não eleito";"1682";"0";"1618823";",1";"18/12/2018 12:38:35"
"RN";"Deputado Federal";"5011";"MARIA DO LIVRAMENTO DA SILVA";"LIVRAMENTO SILVA";"PSOL";"PSOL";"1";"Não eleito";"1592";"0";"1618823";",1";"18/12/2018 12:38:35"
"RN";"Deputado Federal";"6510";"ANA PATRICIA DE SOUSA SANTIAGO";"PATRICIA SANTIAGO";"PC do B";"PT / PC do B / PHS";"1";"Suplente";"1525";"0";"1618823";",09";"18/12/2018 12:38:35"
"RN";"Deputado Federal";"3033";"ROSE FERREIRA DA SILVA GUERRA";"ROSE GUERRA";"NOVO";"NOVO";"1";"Não eleito";"1455";"0";"1618823";",09";"18/12/2018 12:38:35"
"RN";"Deputado Federal";"1800";"VIVIANE OLIVEIRA DE SOUZA";"PROFESSORA VIVIANE";"REDE";"REDE";"1";"Não eleito";"1428";"0";"1618823";",09";"18/12/2018 12:38:35"
"RN";"Deputado Federal";"6513";"HILDEBRANDO NERES DA ROCHA";"HILDEBRANDO ROCHA";"PC do B";"PT / PC do B / PHS";"1";"Suplente";"1291";"0";"1618823";",08";"18/12/2018 12:38:35"
"RN";"Deputado Federal";"5000";"RAFAEL FERREIRA LOPES";"RAFAEL LOPES";"PSOL";"PSOL";"1";"Não eleito";"1252";"0";"1618823";",08";"18/12/2018 12:38:35"
"RN";"Deputado Federal";"3111";"ROSIMAR DA SILVA NASCIMENTO";"IRMÃ ROSIMAR NASCIMENTO";"PHS";"PT / PC do B / PHS";"1";"Suplente";"1239";"0";"1618823";",08";"18/12/2018 12:38:35"
"RN";"Deputado Federal";"5077";"EDNARDO BERNARDINO RODRIGUES LOPES";"TOCHA LOPES";"PSOL";"PSOL";"1";"Não eleito";"1197";"0";"1618823";",07";"18/12/2018 12:38:35"
"RN";"Deputado Federal";"1919";"LEIDIMAR SILVA PEREIRA MURR";"DRA LEIDIMAR";"PODE";"PDT / PP / MDB / PODE / DEM";"1";"Suplente";"1185";"0";"1618823";",07";"18/12/2018 12:38:35"
"RN";"Deputado Federal";"1900";"RICARDO MENDONCA FERNANDES";"RICARDO MENDONÇA";"PODE";"PDT / PP / MDB / PODE / DEM";"1";"Suplente";"1148";"0";"1618823";",07";"18/12/2018 12:38:35"
"RN";"Deputado Federal";"5051";"FRANCISCO ALBERTO DO NASCIMENTO";"ZÉ COCO";"PSOL";"PSOL";"1";"Não eleito";"1082";"0";"1618823";",07";"18/12/2018 12:38:35"
"RN";"Deputado Federal";"3333";"CIPRIANO CORREIA";"CIPRIANO CORREIA";"PMN";"PMN";"1";"Não eleito";"1031";"0";"1618823";",06";"18/12/2018 12:38:35"
"RN";"Deputado Federal";"1616";"JOÃO MARIA SILVINO DE ASSIS";"SILVINO BAÚ";"PSTU";"PSTU";"1";"Não eleito";"979";"0";"1618823";",06";"18/12/2018 12:38:35"
"RN";"Deputado Federal";"5107";"JOSÉ DE ANCHIETA FELIX";"ANCHIETA FELIX";"PATRI";"PATRI / PPL";"1";"Não eleito";"968";"0";"1618823";",06";"18/12/2018 12:38:35"
"RN";"Deputado Federal";"7755";"DEBORA LARISSA SILVA DE SOUZA";"DÉBORA";"SOLIDARIEDADE";"SOLIDARIEDADE / PSL / DC / PV / PSC";"1";"Suplente";"810";"0";"1618823";",05";"18/12/2018 12:38:35"
"RN";"Deputado Federal";"7753";"ANTONIA MIRIA PEREIRA CHAVES";"MÍRIA CHAVES";"SOLIDARIEDADE";"SOLIDARIEDADE / PSL / DC / PV / PSC";"1";"Suplente";"778";"0";"1618823";",05";"18/12/2018 12:38:35"
"RN";"Deputado Federal";"3636";"EDIESSE SOUSA COSTA FILHA";"CEIÇÃO EDÍESSE";"PTC";"PRB / PTB / PR / PPS / PMB / PTC / PSB / PSDB / PSD / AVANTE / PROS";"1";"Suplente";"774";"0";"1618823";",05";"18/12/2018 12:38:35"
"RN";"Deputado Federal";"5033";"CLEDINALDA BEZERRA DE ARAUJO";"CLEDINALDA ARAUJO";"PSOL";"PSOL";"1";"Não eleito";"630";"0";"1618823";",04";"18/12/2018 12:38:35"
"RN";"Deputado Federal";"2828";"FRANCILUSO DE OLIVEIRA LIMA";"BRANCO";"PRTB";"PRTB";"1";"Não eleito";"589";"0";"1618823";",04";"18/12/2018 12:38:35"
"RN";"Deputado Federal";"5022";"ELMINORA RODRIGUES DA ROCHA";"MINORA ROCHA";"PSOL";"PSOL";"1";"Não eleito";"548";"0";"1618823";",03";"18/12/2018 12:38:35"
"RN";"Deputado Federal";"4400";"LIDIANE MIRELLE GUIMARAES";"LIDIANE GUIMARAES";"PRP";"PRP";"1";"Não eleito";"533";"0";"1618823";",03";"18/12/2018 12:38:35"
"RN";"Deputado Federal";"5013";"DAMIÃO DE SOUSA SABINO";"DAMIÃO SABINO";"PSOL";"PSOL";"1";"Não eleito";"512";"0";"1618823";",03";"18/12/2018 12:38:35"
"RN";"Deputado Federal";"2846";"SEVERINO ANTUNES PENHA";"PENHA";"PRTB";"PRTB";"1";"Não eleito";"449";"0";"1618823";",03";"18/12/2018 12:38:35"
"RN";"Deputado Federal";"5112";"MACILEI MACIEL";"MACILEI MACIEL";"PATRI";"PATRI / PPL";"1";"Não eleito";"442";"0";"1618823";",03";"18/12/2018 12:38:35"
"RN";"Deputado Federal";"5455";"JOSELITO LIMA DE OLIVEIRA";"JOSELITO OLIVEIRA";"PPL";"PATRI / PPL";"1";"Não eleito";"438";"0";"1618823";",03";"18/12/2018 12:38:35"
"RN";"Deputado Federal";"5122";"DAMIÃO ELIAS FERNANDES";"DAMIÃO POTÊNCIA";"PATRI";"PATRI / PPL";"1";"Não eleito";"384";"0";"1618823";",02";"18/12/2018 12:38:35"
"RN";"Deputado Federal";"5413";"ISRAEL FERNANDES PEREIRA";"ISRAEL DO SINDICATO";"PPL";"PATRI / PPL";"1";"Não eleito";"376";"0";"1618823";",02";"18/12/2018 12:38:35"
"RN";"Deputado Federal";"1011";"SONIA MARIA TORRES ANTUNES";"SÔNIA TORRES ";"PRB";"PRB / PTB / PR / PPS / PMB / PTC / PSB / PSDB / PSD / AVANTE / PROS";"1";"Suplente";"373";"0";"1618823";",02";"18/12/2018 12:38:35"
"RN";"Deputado Federal";"2884";"RAIMUNDO DE LIMA BARACHO";"RAIMUNDO BARACHO";"PRTB";"PRTB";"1";"Não eleito";"347";"0";"1618823";",02";"18/12/2018 12:38:35"
"RN";"Deputado Federal";"3113";"ANTONIO VENANCIO DE SOUZA";"VENÂNCIO SOUZA";"PHS";"PT / PC do B / PHS";"1";"Suplente";"331";"0";"1618823";",02";"18/12/2018 12:38:35"
"RN";"Deputado Federal";"2810";"VALDIVINO TEIXEIRA RIBEIRO";"DIVINO";"PRTB";"PRTB";"1";"Não eleito";"234";"0";"1618823";",01";"18/12/2018 12:38:35"
"RN";"Deputado Federal";"2860";"WALKSON DA SILVA TORRES";"WALKSON SILVA";"PRTB";"PRTB";"1";"Não eleito";"217";"0";"1618823";",01";"18/12/2018 12:38:35"
"RN";"Deputado Federal";"5123";"FRANCISCO NETO";"NETO CAMILO";"PATRI";"PATRI / PPL";"1";"Não eleito";"215";"0";"1618823";",01";"18/12/2018 12:38:35"
"RN";"Deputado Federal";"2840";"FABIANA CRISTYANNY BESSA";"FABIANA BESSA";"PRTB";"PRTB";"1";"Não eleito";"156";"0";"1618823";",01";"18/12/2018 12:38:35"
"RN";"Deputado Federal";"5155";"INGRID HANNALICE DE FREITAS DA SILVA";"INGRID HANNA";"PATRI";"PATRI / PPL";"1";"Não eleito";"146";"0";"1618823";",01";"18/12/2018 12:38:35"
"RN";"Deputado Federal";"5104";"MARIA JOSÉ VITOR DA SILVA";"MARIA JOSÉ";"PATRI";"PATRI / PPL";"1";"Não eleito";"144";"0";"1618823";",01";"18/12/2018 12:38:35"
"RN";"Deputado Federal";"5109";"REVIL ALVES DOS SANTOS";"REVIL ALVES";"PATRI";"PATRI / PPL";"1";"Não eleito";"134";"0";"1618823";",01";"18/12/2018 12:38:35"
"RN";"Deputado Federal";"5177";"UARTA DANTAS DA SILVA AMORIM";"UARTA DANTAS";"PATRI";"PATRI / PPL";"1";"Não eleito";"132";"0";"1618823";",01";"18/12/2018 12:38:35"
"RN";"Deputado Federal";"2855";"MARCOS ANDRE DA SILVA";"MARCOS ANDRE";"PRTB";"PRTB";"1";"Não eleito";"118";"0";"1618823";",01";"18/12/2018 12:38:35"
"RN";"Deputado Federal";"5130";"WENDELLA SARA COSTA DA SILVA";"WENDELLA SARA";"PATRI";"PATRI / PPL";"1";"Não eleito";"117";"0";"1618823";",01";"18/12/2018 12:38:35"
"RN";"Deputado Federal";"2890";"ROSA MARIA PEREIRA DE SOUZA";"ROSA MARIA";"PRTB";"PRTB";"1";"Não eleito";"110";"0";"1618823";",01";"18/12/2018 12:38:35"
"RN";"Deputado Federal";"2800";"TATIANE RODRIGUES DA SILVA";"TATY RODRIGUES";"PRTB";"PRTB";"1";"Não eleito";"102";"0";"1618823";",01";"18/12/2018 12:38:35"
"RN";"Deputado Federal";"2871";"JESSE ARTUR DE OLIVEIRA";"JESSE ARTUR";"PRTB";"PRTB";"1";"Não eleito";"99";"0";"1618823";",01";"18/12/2018 12:38:35"
"RN";"Deputado Federal";"2845";"ERIVANILDA PEREIRA DE LIMA";"ERIVANILDA PEREIRA";"PRTB";"PRTB";"1";"Não eleito";"90";"0";"1618823";",01";"18/12/2018 12:38:35"
"RN";"Deputado Federal";"2929";"DANIEL CIRILO ALVES FERREIRA";"DANIEL CIRILO";"PCO";"PCO";"1";"Não eleito";"52";"0";"1618823";"0";"18/12/2018 12:38:35"
"RN";"Deputado Federal";"5120";"WANESSA DE MEDEIROS MARIANO";"WANESSA MEDEIROS";"PATRI";"PATRI / PPL";"1";"Não eleito";"0";"0";"1618823";"0";"18/12/2018 12:38:35"
"RN";"Deputado Federal";"1933";"JUMARIA SOUZA FERNANDES DE OLIVEIRA MOTA";"JUMARIA MOTA";"PODE";"PDT / PP / MDB / PODE / DEM";"1";"Não eleito";"0";"0";"1618823";"0";"18/12/2018 12:38:35"
"RN";"Deputado Federal";"2822";"JOSÉ CONFESSOR TEIXEIRA";"CONFESSOR O AGENTE DA GENTE";"PRTB";"PRTB";"1";"Não eleito";"0";"0";"1618823";"0";"18/12/2018 12:38:35"
"RN";"Deputado Federal";"2811";"JAZIEL DA SILVA NASCIMENTO";"JAZIEL NASCIMENTO";"PRTB";"PRTB";"1";"Não eleito";"0";"0";"1618823";"0";"18/12/2018 12:38:35"
"RN";"Deputado Federal";"2844";"CLECIA DAIANE SOUZA DA SILVA";"TERCIA DAYANE";"PRTB";"PRTB";"1";"Não eleito";"0";"0";"1618823";"0";"18/12/2018 12:38:35"
"RN";"Deputado Federal";"5566";"DILSON FREITAS FONTES";"LELEU";"PSD";"PRB / PTB / PR / PPS / PMB / PTC / PSB / PSDB / PSD / AVANTE / PROS";"1";"Não eleito";"0";"0";"1618823";"0";"18/12/2018 12:38:35"
"RN";"Deputado Estadual";"45678";"EZEQUIEL GALVAO FERREIRA DE SOUZA";"EZEQUIEL";"PSDB";"PR / PSB / PSDB / PSD / PROS";"1";"Eleito";"58221";"0";"1686592";"3,45";"18/12/2018 12:38:35"
"RN";"Deputado Estadual";"45888";"GUSTAVO HENRIQUE LIMA DE CARVALHO";"GUSTAVO CARVALHO";"PSDB";"PR / PSB / PSDB / PSD / PROS";"1";"Eleito";"47544";"0";"1686592";"2,82";"18/12/2018 12:38:35"
"RN";"Deputado Estadual";"70000";"BERNARDO CESAR CARLOS BELARMINO DE AMORIM";"DR. BERNARDO";"AVANTE";"PRB / AVANTE";"1";"Eleito";"42049";"0";"1686592";"2,49";"18/12/2018 12:38:35"
"RN";"Deputado Estadual";"45123";"LUIZ ANTONIO LOURENCO DE FARIAS";"TOMBA FARIAS";"PSDB";"PR / PSB / PSDB / PSD / PROS";"1";"Eleito";"41249";"0";"1686592";"2,45";"18/12/2018 12:38:35"
"RN";"Deputado Estadual";"15222";"NELTER LULA DE QUEIROZ SANTOS";"NELTER QUEIROZ";"MDB";"PDT / PP / MDB / PODE / DEM";"1";"Eleito";"40717";"0";"1686592";"2,41";"18/12/2018 12:38:35"
"RN";"Deputado Estadual";"15100";"HERMANO DA COSTA MORAES";"HERMANO MORAIS";"MDB";"PDT / PP / MDB / PODE / DEM";"1";"Eleito";"38053";"0";"1686592";"2,26";"18/12/2018 12:38:35"
"RN";"Deputado Estadual";"55555";"JOSÉ GALENO DIOGENES TORQUATO";"GALENO TORQUATO";"PSD";"PR / PSB / PSDB / PSD / PROS";"1";"Eleito";"34532";"0";"1686592";"2,05";"18/12/2018 12:38:35"
"RN";"Deputado Estadual";"22222";"GEORGE MONTENEGRO SOARES";"GEORGE SOARES";"PR";"PR / PSB / PSDB / PSD / PROS";"1";"Eleito";"34263";"0";"1686592";"2,03";"18/12/2018 12:38:35"
"RN";"Deputado Estadual";"45333";"RAIMUNDO NONATO PESSOA FERNANDES";"RAIMUNDO FERNANDES";"PSDB";"PR / PSB / PSDB / PSD / PROS";"1";"Eleito";"33965";"0";"1686592";"2,01";"18/12/2018 12:38:35"
"RN";"Deputado Estadual";"54444";"CRISTIANE BEZERRA DE SOUZA DANTAS";"CRISTIANE DANTAS";"PPL";"PATRI / PSL / PSC / DC / PPL";"1";"Eleito";"33860";"0";"1686592";"2,01";"18/12/2018 12:38:35"
"RN";"Deputado Estadual";"77123";"KELPS DE OLIVEIRA LIMA";"KELPS";"SOLIDARIEDADE";"PV / SOLIDARIEDADE";"1";"Eleito";"33819";"0";"1686592";"2,01";"18/12/2018 12:38:35"
"RN";"Deputado Estadual";"25110";"GETÚLIO NUNES DO RÊGO";"GETULIO RÊGO";"DEM";"PDT / PP / MDB / PODE / DEM";"1";"Eleito";"33477";"0";"1686592";"1,98";"18/12/2018 12:38:35"
"RN";"Deputado Estadual";"13123";"MARIA ISOLDA DANTAS DE MOURA";"ISOLDA DANTAS";"PT";"PT / PC do B / PHS";"1";"Eleito";"32963";"0";"1686592";"1,95";"18/12/2018 12:38:35"
"RN";"Deputado Estadual";"70123";"KLEBER GEVERSON DE OLIVEIRA RODRIGUES";"KLEBER RODRIGUES";"AVANTE";"PRB / AVANTE";"1";"Eleito";"32755";"0";"1686592";"1,94";"18/12/2018 12:38:35"
"RN";"Deputado Estadual";"55222";"VIVALDO SILVINO DA COSTA";"VIVALDO COSTA";"PSD";"PR / PSB / PSDB / PSD / PROS";"1";"Eleito";"32638";"0";"1686592";"1,94";"18/12/2018 12:38:35"
"RN";"Deputado Estadual";"90111";"ALBERT DICKSON DE LIMA";"ALBERT DICKSON OFTALMOLOGISTA";"PROS";"PR / PSB / PSDB / PSD / PROS";"1";"Eleito";"31698";"0";"1686592";"1,88";"18/12/2018 12:38:35"
"RN";"Deputado Estadual";"31000";"MANOEL CUNHA NETO";"SOUZA";"PHS";"PT / PC do B / PHS";"1";"Eleito";"31097";"0";"1686592";"1,84";"18/12/2018 12:38:35"
"RN";"Deputado Estadual";"15555";"ADJUTO DIAS DE ARAÚJO NETO";"ADJUTO DIAS";"MDB";"PDT / PP / MDB / PODE / DEM";"1";"Suplente";"28697";"0";"1686592";"1,7";"18/12/2018 12:38:35"
"RN";"Deputado Estadual";"17190";"ANDRÉ LUIZ VIEIRA DE AZEVEDO";"CORONEL AZEVEDO";"PSL";"PATRI / PSL / PSC / DC / PPL";"1";"Eleito";"27606";"0";"1686592";"1,64";"18/12/2018 12:38:35"
"RN";"Deputado Estadual";"45555";"JOSÉ DIAS DE SOUZA MARTINS";"JOSÉ DIAS";"PSDB";"PR / PSB / PSDB / PSD / PROS";"1";"Eleito";"27275";"0";"1686592";"1,62";"18/12/2018 12:38:35"
"RN";"Deputado Estadual";"55133";"JACOB HELDER GUEDES DE OLIVEIRA JÁCOME";"JACÓ JÁCOME";"PSD";"PR / PSB / PSDB / PSD / PROS";"1";"Suplente";"26864";"0";"1686592";"1,59";"18/12/2018 12:38:35"
"RN";"Deputado Estadual";"22123";"TEREZINHA MAIA DE MEDEIROS";"TEREZINHA MAIA";"PR";"PR / PSB / PSDB / PSD / PROS";"1";"Suplente";"26849";"0";"1686592";"1,59";"18/12/2018 12:38:35"
"RN";"Deputado Estadual";"45000";"LARISSA DANIELA DA ESCOSSIA ROSADO ANDRADE";"LARISSA ROSADO";"PSDB";"PR / PSB / PSDB / PSD / PROS";"1";"Suplente";"25909";"0";"1686592";"1,54";"18/12/2018 12:38:35"
"RN";"Deputado Estadual";"22333";"JORGE RICARDO DO ROSARIO";"JORGE DO ROSARIO";"PR";"PR / PSB / PSDB / PSD / PROS";"1";"Suplente";"23512";"0";"1686592";"1,39";"18/12/2018 12:38:35"
"RN";"Deputado Estadual";"13222";"FRANCISCO ASSIS DE MEDEIROS";"FRANCISCO DO PT";"PT";"PT / PC do B / PHS";"1";"Eleito";"23448";"0";"1686592";"1,39";"18/12/2018 12:38:35"
"RN";"Deputado Estadual";"55444";"IVAN LOPES JÚNIOR";"IVAN JÚNIOR";"PSD";"PR / PSB / PSDB / PSD / PROS";"1";"Suplente";"23264";"0";"1686592";"1,38";"18/12/2018 12:38:35"
"RN";"Deputado Estadual";"55221";"GUSTAVO ALEXANDRE MUNIZ COSTA";"GUSTAVO COSTA";"PSD";"PR / PSB / PSDB / PSD / PROS";"1";"Suplente";"22767";"0";"1686592";"1,35";"18/12/2018 12:38:35"
"RN";"Deputado Estadual";"36666";"EUDIANE JANAINA DE MACEDO SILVA";"EUDIANE MACEDO";"PTC";"PTB / PPS / PMB / PTC / PRP";"1";"Eleito";"22333";"0";"1686592";"1,32";"18/12/2018 12:38:35"
"RN";"Deputado Estadual";"10333";"FRANCISCO DE ASSIS VALENTIM DA COSTA";"BISPO FRANCISCO DE ASSIS";"PRB";"PRB / AVANTE";"1";"Suplente";"22256";"0";"1686592";"1,32";"18/12/2018 12:38:35"
"RN";"Deputado Estadual";"45111";"MARCIA FARIA MAIA";"MARCIA MAIA";"PSDB";"PR / PSB / PSDB / PSD / PROS";"1";"Suplente";"21925";"0";"1686592";"1,3";"18/12/2018 12:38:35"
"RN";"Deputado Estadual";"65123";"CARLOS AUGUSTO DE PAIVA MAIA";"CARLOS AUGUSTO MAIA";"PC do B";"PT / PC do B / PHS";"1";"Suplente";"21492";"0";"1686592";"1,27";"18/12/2018 12:38:35"
"RN";"Deputado Estadual";"12123";"YRAGUACY ARAUJO ALMEIDA DE SOUZA";"NINA SOUZA";"PDT";"PDT / PP / MDB / PODE / DEM";"1";"Suplente";"21355";"0";"1686592";"1,27";"18/12/2018 12:38:35"
"RN";"Deputado Estadual";"45456";"GUSTAVO REGIO TORQUATO FERNANDES";"GUSTAVO FERNANDES";"PSDB";"PR / PSB / PSDB / PSD / PROS";"1";"Suplente";"21089";"0";"1686592";"1,25";"18/12/2018 12:38:35"
"RN";"Deputado Estadual";"77677";"ALLYSON LEANDRO BEZERRA SILVA";"ALLYSON BEZERRA";"SOLIDARIEDADE";"PV / SOLIDARIEDADE";"1";"Eleito";"20228";"0";"1686592";"1,2";"18/12/2018 12:38:35"
"RN";"Deputado Estadual";"36222";"UBALDO FERNANDES DA SILVA";"UBALDO FERNANDES";"PTC";"PTB / PPS / PMB / PTC / PRP";"1";"Eleito";"20148";"0";"1686592";"1,19";"18/12/2018 12:38:35"
"RN";"Deputado Estadual";"50123";"SANDRO DE OLIVEIRA PIMENTEL";"SANDRO PIMENTEL";"PSOL";"PSOL";"1";"Eleito";"19158";"0";"1686592";"1,14";"18/12/2018 12:38:35"
"RN";"Deputado Estadual";"50500";"ROBERIO PAULINO RODRIGUES";"PROF ROBERIO";"PSOL";"PSOL";"1";"Suplente";"18550";"0";"1686592";"1,1";"18/12/2018 12:38:35"
"RN";"Deputado Estadual";"40333";"RICARDO JOSÉ MEIRELLES DA MOTTA";"RICARDO MOTTA";"PSB";"PR / PSB / PSDB / PSD / PROS";"1";"Suplente";"18036";"0";"1686592";"1,07";"18/12/2018 12:38:35"
"RN";"Deputado Estadual";"77190";"ELIABE MARQUES DA SILVA";"SUBTENENTE ELIABE";"SOLIDARIEDADE";"PV / SOLIDARIEDADE";"1";"Suplente";"16233";"0";"1686592";",96";"18/12/2018 12:38:35"
"RN";"Deputado Estadual";"14123";"GETÚLIO BATISTA DA SILVA NETO";"GETÚLIO BATISTA";"PTB";"PTB / PPS / PMB / PTC / PRP";"1";"Suplente";"16172";"0";"1686592";",96";"18/12/2018 12:38:35"
"RN";"Deputado Estadual";"55777";"FRANCISCA EDERLINDA PEREIRA DIAS";"DRA. EDERLINDA";"PSD";"PR / PSB / PSDB / PSD / PROS";"1";"Suplente";"15895";"0";"1686592";",94";"18/12/2018 12:38:35"
"RN";"Deputado Estadual";"77777";"FERNANDO ANTONIO BEZERRA";"FERNANDO";"SOLIDARIEDADE";"PV / SOLIDARIEDADE";"1";"Suplente";"15581";"0";"1686592";",92";"18/12/2018 12:38:35"
"RN";"Deputado Estadual";"20000";"ABIDENE SALUSTIANO DA SILVA";"ABIDENE";"PSC";"PATRI / PSL / PSC / DC / PPL";"1";"Suplente";"15366";"0";"1686592";",91";"18/12/2018 12:38:35"
"RN";"Deputado Estadual";"44123";"DEYSE ELAINE BEZERRA NEVES ";"ELAINE NEVES";"PRP";"PTB / PPS / PMB / PTC / PRP";"1";"Suplente";"14247";"0";"1686592";",84";"18/12/2018 12:38:35"
"RN";"Deputado Estadual";"13333";"JOAO CABRAL DE LIRA";"JOÃO CABRAL";"PT";"PT / PC do B / PHS";"1";"Suplente";"11959";"0";"1686592";",71";"18/12/2018 12:38:35"
"RN";"Deputado Estadual";"17000";"CICERO ALVES MARTINS";"CICERO MARTINS";"PSL";"PATRI / PSL / PSC / DC / PPL";"1";"Suplente";"11877";"0";"1686592";",7";"18/12/2018 12:38:35"
"RN";"Deputado Estadual";"36555";"KATIA CARVALHO DE LIMA";"KATIA PIRES";"PTC";"PTB / PPS / PMB / PTC / PRP";"1";"Suplente";"11063";"0";"1686592";",66";"18/12/2018 12:38:35"
"RN";"Deputado Estadual";"15123";"MARIA GORETI DA SILVEIRA PINTO";"GORETE SILVEIRA";"MDB";"PDT / PP / MDB / PODE / DEM";"1";"Suplente";"10840";"0";"1686592";",64";"18/12/2018 12:38:35"
"RN";"Deputado Estadual";"35190";"ANDRÉ LUIS FERNANDES DA FONSECA";"CORONEL FERNANDES";"PMB";"PTB / PPS / PMB / PTC / PRP";"1";"Suplente";"10762";"0";"1686592";",64";"18/12/2018 12:38:35"
"RN";"Deputado Estadual";"13666";"ERALDO DANIEL DE PAIVA";"ERALDO";"PT";"PT / PC do B / PHS";"1";"Suplente";"8990";"0";"1686592";",53";"18/12/2018 12:38:35"
"RN";"Deputado Estadual";"17777";"DANIEL LIMA SAMPAIO";"DR. DANIEL ";"PSL";"PATRI / PSL / PSC / DC / PPL";"1";"Suplente";"8583";"0";"1686592";",51";"18/12/2018 12:38:35"
"RN";"Deputado Estadual";"35222";"ANTÕNIO MARCOS DE ABREU PEIXOTO";"DELEGADO PEIXOTO";"PMB";"PTB / PPS / PMB / PTC / PRP";"1";"Suplente";"8496";"0";"1686592";",5";"18/12/2018 12:38:35"
"RN";"Deputado Estadual";"50444";"LUIS CARLOS NORONHA E SOUSA";"PROF LUIS CARLOS";"PSOL";"PSOL";"1";"Suplente";"7847";"0";"1686592";",47";"18/12/2018 12:38:35"
"RN";"Deputado Estadual";"77333";"JOSE MICHAEL LUCENA DINIZ";"MICHAEL DINIZ";"SOLIDARIEDADE";"PV / SOLIDARIEDADE";"1";"Suplente";"7773";"0";"1686592";",46";"18/12/2018 12:38:35"
"RN";"Deputado Estadual";"17017";"JOSÉ LUIZ GONDIN SANTOS";"CAPITÃO GONDIN";"PSL";"PATRI / PSL / PSC / DC / PPL";"1";"Suplente";"7319";"0";"1686592";",43";"18/12/2018 12:38:35"
"RN";"Deputado Estadual";"50222";"MAURICIO GURGEL PRAXEDES FILHO";"MAURICIO GURGEL";"PSOL";"PSOL";"1";"Suplente";"7038";"0";"1686592";",42";"18/12/2018 12:38:35"
"RN";"Deputado Estadual";"77444";"ALEX SANDRO DA CONCEIÇÃO NUNES DA SILVA";"PASTOR ALEX";"SOLIDARIEDADE";"PV / SOLIDARIEDADE";"1";"Suplente";"6628";"0";"1686592";",39";"18/12/2018 12:38:35"
"RN";"Deputado Estadual";"65656";"GEORGE LUIZ ROCHA DA CAMARA";"GEORGE CÂMARA";"PC do B";"PT / PC do B / PHS";"1";"Suplente";"6466";"0";"1686592";",38";"18/12/2018 12:38:35"
"RN";"Deputado Estadual";"35007";"DINARTE TORRES CRUZ";"DINARTE TORRES";"PMB";"PTB / PPS / PMB / PTC / PRP";"1";"Suplente";"6405";"0";"1686592";",38";"18/12/2018 12:38:35"
"RN";"Deputado Estadual";"77555";"KLAUS ASSIS DOS ANJOS ARAUJO";"KLAUS";"SOLIDARIEDADE";"PV / SOLIDARIEDADE";"1";"Suplente";"6150";"0";"1686592";",36";"18/12/2018 12:38:35"
"RN";"Deputado Estadual";"77888";"TARCISIO JOSE RIBEIRO DE LARA ANDRADE JUNIOR";"TARCISIO JR";"SOLIDARIEDADE";"PV / SOLIDARIEDADE";"1";"Suplente";"6087";"0";"1686592";",36";"18/12/2018 12:38:35"
"RN";"Deputado Estadual";"54333";"FLÁVIO TACITO DA SILVA VIEIRA";"FLAVINHO";"PPL";"PATRI / PSL / PSC / DC / PPL";"1";"Suplente";"6053";"0";"1686592";",36";"18/12/2018 12:38:35"
"RN";"Deputado Estadual";"35777";"RAIMUNDO MENDES ALVES";"DR. MENDES";"PMB";"PTB / PPS / PMB / PTC / PRP";"1";"Suplente";"5817";"0";"1686592";",34";"18/12/2018 12:38:35"
"RN";"Deputado Estadual";"35333";"ANA LUISA DE CASTRO SILVA";"ANA LUÍSA";"PMB";"PTB / PPS / PMB / PTC / PRP";"1";"Suplente";"5160";"0";"1686592";",31";"18/12/2018 12:38:35"
"RN";"Deputado Estadual";"22000";"IGOR RAFAEL AZEVEDO E SILVA";"IGOR RAFAEL";"PR";"PR / PSB / PSDB / PSD / PROS";"1";"Suplente";"5124";"0";"1686592";",3";"18/12/2018 12:38:35"
"RN";"Deputado Estadual";"13000";"PETRÔNIO SOUZA SPINELLI";"PETRONIO SPINELLI";"PT";"PT / PC do B / PHS";"1";"Suplente";"5031";"0";"1686592";",3";"18/12/2018 12:38:35"
"RN";"Deputado Estadual";"13113";"MIGUEL SALUSTIANO DE LIMA";"PROF MIGUEL";"PT";"PT / PC do B / PHS";"1";"Suplente";"4986";"0";"1686592";",3";"18/12/2018 12:38:35"
"RN";"Deputado Estadual";"31111";"MAURICIO MARQUES DOS SANTOS";"MAURÍCIO MARQUES";"PHS";"PT / PC do B / PHS";"1";"Suplente";"4851";"0";"1686592";",29";"18/12/2018 12:38:35"
"RN";"Deputado Estadual";"55333";"RAIMUNDO DA COSTA SOBRINHO";"RAIMUNDO COSTA";"PSD";"PR / PSB / PSDB / PSD / PROS";"1";"Suplente";"4598";"0";"1686592";",27";"18/12/2018 12:38:35"
"RN";"Deputado Estadual";"50100";"MILKLEI LEITE";"MILKLEI LEITE";"PSOL";"PSOL";"1";"Suplente";"4346";"0";"1686592";",26";"18/12/2018 12:38:35"
"RN";"Deputado Estadual";"13311";"MADA CECILIA MAIA CALADO PEREIRA";"MADA CALADO";"PT";"PT / PC do B / PHS";"1";"Suplente";"4125";"0";"1686592";",24";"18/12/2018 12:38:35"
"RN";"Deputado Estadual";"10888";"FERNANDO ANTONIO TORRES DE ARAUJO";"DR. FERNANDO TORRES";"PRB";"PRB / AVANTE";"1";"Suplente";"3658";"0";"1686592";",22";"18/12/2018 12:38:35"
"RN";"Deputado Estadual";"77789";"ERISVALDO FREIRE";"FREIRE";"SOLIDARIEDADE";"PV / SOLIDARIEDADE";"1";"Suplente";"3489";"0";"1686592";",21";"18/12/2018 12:38:35"
"RN";"Deputado Estadual";"25123";"FLAVIANO DAGOBERTO FERREIRA DE ANDRADE";"DAGÔ";"DEM";"PDT / PP / MDB / PODE / DEM";"1";"Suplente";"3474";"0";"1686592";",21";"18/12/2018 12:38:35"
"RN";"Deputado Estadual";"77277";"ALEXANDRE SILVA";"XANDÃO";"SOLIDARIEDADE";"PV / SOLIDARIEDADE";"1";"Suplente";"3315";"0";"1686592";",2";"18/12/2018 12:38:35"
"RN";"Deputado Estadual";"10000";"CHRISTIANO GOMES DE LIMA JUNIOR";"JUNIOR GRAFITH";"PRB";"PRB / AVANTE";"1";"Suplente";"3196";"0";"1686592";",19";"18/12/2018 12:38:35"
"RN";"Deputado Estadual";"65222";"GUTEMBERG HENRIQUE DIAS";"GUTEMBERG DIAS";"PC do B";"PT / PC do B / PHS";"1";"Suplente";"3190";"0";"1686592";",19";"18/12/2018 12:38:35"
"RN";"Deputado Estadual";"70111";"EDILIO LOBO DE MEDEIROS";"EDILIO LOBO";"AVANTE";"PRB / AVANTE";"1";"Suplente";"3186";"0";"1686592";",19";"18/12/2018 12:38:35"
"RN";"Deputado Estadual";"27888";"EDVALDO SEBASTIÃO BANDEIRA LEITE";"DR EDVALDO LEITE";"DC";"PATRI / PSL / PSC / DC / PPL";"1";"Suplente";"3149";"0";"1686592";",19";"18/12/2018 12:38:35"
"RN";"Deputado Estadual";"17333";"ANTONIO HENRIQUE DOS SANTOS";"SARGENTO HENRIQUE";"PSL";"PATRI / PSL / PSC / DC / PPL";"1";"Suplente";"2916";"0";"1686592";",17";"18/12/2018 12:38:35"
"RN";"Deputado Estadual";"51111";"LUIZ GOMES";"LUIZ GOMES";"PATRI";"PATRI / PSL / PSC / DC / PPL";"1";"Suplente";"2867";"0";"1686592";",17";"18/12/2018 12:38:35"
"RN";"Deputado Estadual";"17100";"MARCIO ANACLETO ROCHA";"MARCINHO DE VÁRZEA";"PSL";"PATRI / PSL / PSC / DC / PPL";"1";"Suplente";"2774";"0";"1686592";",16";"18/12/2018 12:38:35"
"RN";"Deputado Estadual";"13131";"ANTONIO DUARTE SILVA";"TOINHO DE MONTANHAS";"PT";"PT / PC do B / PHS";"1";"Suplente";"2568";"0";"1686592";",15";"18/12/2018 12:38:35"
"RN";"Deputado Estadual";"13133";"FRANCISCO DE ASSIS JOSÉ DOS SANTOS";"ASSIS";"PT";"PT / PC do B / PHS";"1";"Suplente";"2497";"0";"1686592";",15";"18/12/2018 12:38:35"
"RN";"Deputado Estadual";"43456";"FRANCISCO MARTINS DE OLIVEIRA";"CHICO GUERREIRO";"PV";"PV / SOLIDARIEDADE";"1";"Suplente";"2405";"0";"1686592";",14";"18/12/2018 12:38:35"
"RN";"Deputado Estadual";"55123";"SIDERLEY BEZERRA DA SILVA";"SIDERLEY";"PSD";"PR / PSB / PSDB / PSD / PROS";"1";"Suplente";"2399";"0";"1686592";",14";"18/12/2018 12:38:35"
"RN";"Deputado Estadual";"77456";"MARIA SONETH DA SILVA FERREIRA GOMES";"SONETH";"SOLIDARIEDADE";"PV / SOLIDARIEDADE";"1";"Suplente";"2399";"0";"1686592";",14";"18/12/2018 12:38:35"
"RN";"Deputado Estadual";"50300";"SALOMÃO GURGEL PINHEIRO";"SALOMÃO GURGEL";"PSOL";"PSOL";"1";"Suplente";"2294";"0";"1686592";",14";"18/12/2018 12:38:35"
"RN";"Deputado Estadual";"13013";"FRANCISCO DE ASSIS GOMES FILHO";"ASSIS FILHO";"PT";"PT / PC do B / PHS";"1";"Suplente";"2291";"0";"1686592";",14";"18/12/2018 12:38:35"
"RN";"Deputado Estadual";"16456";"MANOEL EGIDIO DA SILVA JUNIOR";"EGIDIO";"PSTU";"PSTU";"1";"Não eleito";"2239";"0";"1686592";",13";"18/12/2018 12:38:35"
"RN";"Deputado Estadual";"19222";"GENILDO EPIFÂNIO DE OLIVEIRA";"GENILDO DA BARRINHA";"PODE";"PDT / PP / MDB / PODE / DEM";"1";"Suplente";"2230";"0";"1686592";",13";"18/12/2018 12:38:35"
"RN";"Deputado Estadual";"18888";"JOSÉ GERALDO BEZERRA GALVÃO JÚNIOR";"PROFESSOR GERALDO JÚNIOR";"REDE";"REDE";"1";"Não eleito";"2225";"0";"1686592";",13";"18/12/2018 12:38:35"
"RN";"Deputado Estadual";"65321";"LUCIANO GOMES CAVALCANTI";"ENFERMEIRO LUCIANO";"PC do B";"PT / PC do B / PHS";"1";"Suplente";"2040";"0";"1686592";",12";"18/12/2018 12:38:35"
"RN";"Deputado Estadual";"22111";"FRANCISCO UBIRACY FEITOSA PASCOAL";"UBIRACY PASCOAL";"PR";"PR / PSB / PSDB / PSD / PROS";"1";"Suplente";"2018";"0";"1686592";",12";"18/12/2018 12:38:35"
"RN";"Deputado Estadual";"25222";"MARIA DE FATIMA LAPENDA MESQUITA";"FATIMA LAPENDA";"DEM";"PDT / PP / MDB / PODE / DEM";"1";"Suplente";"1978";"0";"1686592";",12";"18/12/2018 12:38:35"
"RN";"Deputado Estadual";"13456";"JOAS FERREIRA DE ANDRADE";"JOAS ANDRADE";"PT";"PT / PC do B / PHS";"1";"Suplente";"1920";"0";"1686592";",11";"18/12/2018 12:38:35"
"RN";"Deputado Estadual";"77001";"JAIR DANTAS DE LIMA";"JAIR DANTAS";"SOLIDARIEDADE";"PV / SOLIDARIEDADE";"1";"Suplente";"1800";"0";"1686592";",11";"18/12/2018 12:38:35"
"RN";"Deputado Estadual";"12222";"FRANCISCO JORGE DE LIMA FREIRE";"JORGE DE LIMA";"PDT";"PDT / PP / MDB / PODE / DEM";"1";"Suplente";"1743";"0";"1686592";",1";"18/12/2018 12:38:35"
"RN";"Deputado Estadual";"35111";"FREDERICK AUGUSTO DA ESCÓSSIA";"FRED DAS AGRÍCOLAS";"PMB";"PTB / PPS / PMB / PTC / PRP";"1";"Suplente";"1734";"0";"1686592";",1";"18/12/2018 12:38:35"
"RN";"Deputado Estadual";"35555";"ÂNGELA MARIA BRITO MACHADO";"DRA. ÂNGELA MACHADO";"PMB";"PTB / PPS / PMB / PTC / PRP";"1";"Suplente";"1616";"0";"1686592";",1";"18/12/2018 12:38:35"
"RN";"Deputado Estadual";"50180";"CAMILA BARBOSA DOS SANTOS";"CAMILA BARBOSA";"PSOL";"PSOL";"1";"Suplente";"1598";"0";"1686592";",09";"18/12/2018 12:38:35"
"RN";"Deputado Estadual";"17321";"WILMA WANDERLEY FERNANDES";"WILMA";"PSL";"PATRI / PSL / PSC / DC / PPL";"1";"Suplente";"1586";"0";"1686592";",09";"18/12/2018 12:38:35"
"RN";"Deputado Estadual";"31234";"FRANCISCA DE FATIMA DE LIMA";"FÁTIMA LIMA";"PHS";"PT / PC do B / PHS";"1";"Suplente";"1579";"0";"1686592";",09";"18/12/2018 12:38:35"
"RN";"Deputado Estadual";"18123";"NARCISO GENUINO";"PROFESSOR NARCISO";"REDE";"REDE";"1";"Não eleito";"1537";"0";"1686592";",09";"18/12/2018 12:38:35"
"RN";"Deputado Estadual";"18333";"NATANAEL FERREIRA DO NASCIMENTO";"NATANAEL O AGRICULTOR";"REDE";"REDE";"1";"Não eleito";"1523";"0";"1686592";",09";"18/12/2018 12:38:35"
"RN";"Deputado Estadual";"35444";"KERGINALDO TORRES DO NASCIMENTO";"KERGINALDO DA SAÚDE";"PMB";"PTB / PPS / PMB / PTC / PRP";"1";"Suplente";"1470";"0";"1686592";",09";"18/12/2018 12:38:35"
"RN";"Deputado Estadual";"77147";"EZENILDO CARNEIRO DE MORAIS";"EZENILDO MORAIS";"SOLIDARIEDADE";"PV / SOLIDARIEDADE";"1";"Suplente";"1433";"0";"1686592";",08";"18/12/2018 12:38:35"
"RN";"Deputado Estadual";"13134";"ISAC CARLOS DOS SANTOS";"ISAC DO PT";"PT";"PT / PC do B / PHS";"1";"Suplente";"1405";"0";"1686592";",08";"18/12/2018 12:38:35"
"RN";"Deputado Estadual";"17888";"ADRIANA DANTAS CARDOSO";"ADRIANA ";"PSL";"PATRI / PSL / PSC / DC / PPL";"1";"Suplente";"1390";"0";"1686592";",08";"18/12/2018 12:38:35"
"RN";"Deputado Estadual";"18456";"ELIU LUIZ DE OLIVEIRA";"ELIÚ ";"REDE";"REDE";"1";"Não eleito";"1389";"0";"1686592";",08";"18/12/2018 12:38:35"
"RN";"Deputado Estadual";"11111";"MARGARIDA MACEDO MARIZ";"MARGARIDA DAS DOMESTICAS";"PP";"PDT / PP / MDB / PODE / DEM";"1";"Suplente";"1320";"0";"1686592";",08";"18/12/2018 12:38:35"
"RN";"Deputado Estadual";"77211";"ALEXANDRE FEITOSA DA SILVA";"BAMBAM";"SOLIDARIEDADE";"PV / SOLIDARIEDADE";"1";"Suplente";"1319";"0";"1686592";",08";"18/12/2018 12:38:35"
"RN";"Deputado Estadual";"17700";"INGRID LAIZE DA SILVA LOPES LOBATO";"INGRID LOBATO";"PSL";"PATRI / PSL / PSC / DC / PPL";"1";"Suplente";"1298";"0";"1686592";",08";"18/12/2018 12:38:35"
"RN";"Deputado Estadual";"65444";"HIDERALDO BEZERRA DOS SANTOS";"PROFESSOR HIDERALDO";"PC do B";"PT / PC do B / PHS";"1";"Suplente";"1296";"0";"1686592";",08";"18/12/2018 12:38:35"
"RN";"Deputado Estadual";"10123";"RUI BARBOSA DA COSTA";"RUI BARBOSA";"PRB";"PRB / AVANTE";"1";"Suplente";"1293";"0";"1686592";",08";"18/12/2018 12:38:35"
"RN";"Deputado Estadual";"43333";"GIVALDO DO NASCIMENTO MELO";"GIVALDO MELO";"PV";"PV / SOLIDARIEDADE";"1";"Suplente";"1292";"0";"1686592";",08";"18/12/2018 12:38:35"
"RN";"Deputado Estadual";"65333";"ANA CARLA BEZERRA RIBEIRO";"ANA CARLA";"PC do B";"PT / PC do B / PHS";"1";"Suplente";"1285";"0";"1686592";",08";"18/12/2018 12:38:35"
"RN";"Deputado Estadual";"70789";"HUDSON CARLOS DE CARVALHO ALVES";"CONTADOR HUDSON TOURINHO";"AVANTE";"PRB / AVANTE";"1";"Suplente";"1275";"0";"1686592";",08";"18/12/2018 12:38:35"
"RN";"Deputado Estadual";"13789";"MARCOS ANTONIO SANTANA";"MARQUINHOS SINDSUPER";"PT";"PT / PC do B / PHS";"1";"Suplente";"1249";"0";"1686592";",07";"18/12/2018 12:38:35"
"RN";"Deputado Estadual";"50010";"SOLANGE MARIA DE MEDEIROS";"SOLANGE AGENTE DE SAUDE";"PSOL";"PSOL";"1";"Suplente";"1182";"0";"1686592";",07";"18/12/2018 12:38:35"
"RN";"Deputado Estadual";"27000";"RAIMUNDO ALVES BARRETO JUNIOR";"PROF BARRETO";"DC";"PATRI / PSL / PSC / DC / PPL";"1";"Suplente";"1013";"0";"1686592";",06";"18/12/2018 12:38:35"
"RN";"Deputado Estadual";"77724";"JOELLINGTON VITAL DE ARAUJO";"JOJÓ";"SOLIDARIEDADE";"PV / SOLIDARIEDADE";"1";"Suplente";"993";"0";"1686592";",06";"18/12/2018 12:38:35"
"RN";"Deputado Estadual";"70333";"ADRIANA PATRIOTA DE AGUIAR";"ADRIANA PATRIOTA";"AVANTE";"PRB / AVANTE";"1";"Suplente";"991";"0";"1686592";",06";"18/12/2018 12:38:35"
"RN";"Deputado Estadual";"40111";"SERGIO HENRIQUE MACIEL MARQUES";"SERGIO HENRIQUE";"PSB";"PR / PSB / PSDB / PSD / PROS";"1";"Suplente";"965";"0";"1686592";",06";"18/12/2018 12:38:35"
"RN";"Deputado Estadual";"20888";"EDNA MARIA MENEZES";"EDNA MENEZES";"PSC";"PATRI / PSL / PSC / DC / PPL";"1";"Suplente";"935";"0";"1686592";",06";"18/12/2018 12:38:35"
"RN";"Deputado Estadual";"35123";"JOÃO MARIA ALVES PINHEIRO";"JOÃO DE DEUS";"PMB";"PTB / PPS / PMB / PTC / PRP";"1";"Suplente";"931";"0";"1686592";",06";"18/12/2018 12:38:35"
"RN";"Deputado Estadual";"70700";"DECIO GOMES SANTIAGO";"DECIO SANTIAGO";"AVANTE";"PRB / AVANTE";"1";"Suplente";"918";"0";"1686592";",05";"18/12/2018 12:38:35"
"RN";"Deputado Estadual";"17222";"ANTONIO RICARDO FREIRE DA SILVA";"RICARDO FREIRE";"PSL";"PATRI / PSL / PSC / DC / PPL";"1";"Suplente";"918";"0";"1686592";",05";"18/12/2018 12:38:35"
"RN";"Deputado Estadual";"13111";"ADAIRTON MEDEIROS BARBOSA";"ADAIRTON";"PT";"PT / PC do B / PHS";"1";"Suplente";"902";"0";"1686592";",05";"18/12/2018 12:38:35"
"RN";"Deputado Estadual";"43123";"CARLOS ALEXANDRE DA SILVA PEREIRA";"CARLOS ALEXANDRE";"PV";"PV / SOLIDARIEDADE";"1";"Suplente";"889";"0";"1686592";",05";"18/12/2018 12:38:35"
"RN";"Deputado Estadual";"77222";"CARLOS GOMES DE MEDEIROS NETO";"CARLOS NETO";"SOLIDARIEDADE";"PV / SOLIDARIEDADE";"1";"Suplente";"863";"0";"1686592";",05";"18/12/2018 12:38:35"
"RN";"Deputado Estadual";"43000";"KATIANE MEDEIROS FIGUEIREDO";"KATIANE MEDEIROS";"PV";"PV / SOLIDARIEDADE";"1";"Suplente";"861";"0";"1686592";",05";"18/12/2018 12:38:35"
"RN";"Deputado Estadual";"50555";"RONIELE SANTOS";"PROF RONIELE SANTOS";"PSOL";"PSOL";"1";"Suplente";"858";"0";"1686592";",05";"18/12/2018 12:38:35"
"RN";"Deputado Estadual";"77000";"MARCELO DE SOUSA MOURA JUNIOR";"MARCELO MOURA";"SOLIDARIEDADE";"PV / SOLIDARIEDADE";"1";"Suplente";"831";"0";"1686592";",05";"18/12/2018 12:38:35"
"RN";"Deputado Estadual";"17123";"JOSÉ CESAR ARRUDA CÂMARA";"CESAR ARRUDA";"PSL";"PATRI / PSL / PSC / DC / PPL";"1";"Suplente";"829";"0";"1686592";",05";"18/12/2018 12:38:35"
"RN";"Deputado Estadual";"10222";"MARCIA MARIA DE OLIVEIRA";"MÁRCIA OLIVEIRA";"PRB";"PRB / AVANTE";"1";"Suplente";"773";"0";"1686592";",05";"18/12/2018 12:38:35"
"RN";"Deputado Estadual";"17018";"JUSIER ARAUJO VARELA";"JUSIER VARELA";"PSL";"PATRI / PSL / PSC / DC / PPL";"1";"Suplente";"773";"0";"1686592";",05";"18/12/2018 12:38:35"
"RN";"Deputado Estadual";"40222";"DEBORAH VITORIA XAVIER RAMOS";"DEBORA VITORIA";"PSB";"PR / PSB / PSDB / PSD / PROS";"1";"Suplente";"744";"0";"1686592";",04";"18/12/2018 12:38:35"
"RN";"Deputado Estadual";"70133";"GERSONY GOMES DE OLIVEIRA";"GERSONY GOMES";"AVANTE";"PRB / AVANTE";"1";"Suplente";"729";"0";"1686592";",04";"18/12/2018 12:38:35"
"RN";"Deputado Estadual";"51051";"JOÃO HENRIQUE ALMEIDA DE FONTES";"SARGENTO FONTES";"PATRI";"PATRI / PSL / PSC / DC / PPL";"1";"Suplente";"717";"0";"1686592";",04";"18/12/2018 12:38:35"
"RN";"Deputado Estadual";"77200";"TIAGO DIONISIO PENHA";"TIAGO DIONISIO";"SOLIDARIEDADE";"PV / SOLIDARIEDADE";"1";"Suplente";"714";"0";"1686592";",04";"18/12/2018 12:38:35"
"RN";"Deputado Estadual";"77544";"CARLOS ROBERTO DE MEDEIROS";"CACÁ MEDEIROS";"SOLIDARIEDADE";"PV / SOLIDARIEDADE";"1";"Suplente";"712";"0";"1686592";",04";"18/12/2018 12:38:35"
"RN";"Deputado Estadual";"35000";"MARIA DALVA FARIAS DA SILVA";"PROFESSORA DALVA";"PMB";"PTB / PPS / PMB / PTC / PRP";"1";"Suplente";"698";"0";"1686592";",04";"18/12/2018 12:38:35"
"RN";"Deputado Estadual";"50212";"ZACARIAS MARINHO";"PROF ZACARIAS";"PSOL";"PSOL";"1";"Suplente";"666";"0";"1686592";",04";"18/12/2018 12:38:35"
"RN";"Deputado Estadual";"18444";"LUCIANO LOPES DE OLIVEIRA DA SILVA";"LUCIANO LOPES";"REDE";"REDE";"1";"Não eleito";"659";"0";"1686592";",04";"18/12/2018 12:38:35"
"RN";"Deputado Estadual";"20008";"JOACI NICOLAU SANTOS DE LUCENA";"JOACI NICOLAU LUCENA";"PSC";"PATRI / PSL / PSC / DC / PPL";"1";"Suplente";"629";"0";"1686592";",04";"18/12/2018 12:38:35"
"RN";"Deputado Estadual";"13100";"MARIA DA CONCEIÇÃO CESÁRIO DE SOUZA";"IRMÃ CEIÇÃO";"PT";"PT / PC do B / PHS";"1";"Suplente";"627";"0";"1686592";",04";"18/12/2018 12:38:35"
"RN";"Deputado Estadual";"40477";"FRANCISCO ALEXANDRE DA COSTA";"PROF. XICO MACAÍBA";"PSB";"PR / PSB / PSDB / PSD / PROS";"1";"Suplente";"622";"0";"1686592";",04";"18/12/2018 12:38:35"
"RN";"Deputado Estadual";"65555";"JOSE IVAN FERREIRA DA CRUZ";"IVAN FERREIRA";"PC do B";"PT / PC do B / PHS";"1";"Suplente";"621";"0";"1686592";",04";"18/12/2018 12:38:35"
"RN";"Deputado Estadual";"17666";"WASSIL DE OLIVEIRA SILVA";"WASSIL PRÉ MOLDADOS";"PSL";"PATRI / PSL / PSC / DC / PPL";"1";"Suplente";"608";"0";"1686592";",04";"18/12/2018 12:38:35"
"RN";"Deputado Estadual";"65000";"JOSÉ WELINGTON SILVESTRE DOS SANTOS";"WELINGTON SILVESTRE";"PC do B";"PT / PC do B / PHS";"1";"Suplente";"600";"0";"1686592";",04";"18/12/2018 12:38:35"
"RN";"Deputado Estadual";"20002";"ANTÔNIO SÉRGIO PEREIRA";"ANTONIO SERGIO";"PSC";"PATRI / PSL / PSC / DC / PPL";"1";"Suplente";"595";"0";"1686592";",04";"18/12/2018 12:38:35"
"RN";"Deputado Estadual";"16123";"LUCIANA LIMA DA SILVA";"LUCIANA LIMA";"PSTU";"PSTU";"1";"Não eleito";"590";"0";"1686592";",03";"18/12/2018 12:38:35"
"RN";"Deputado Estadual";"31555";"MARCELO FRANCISCO DA SILVA";"MARCELO SILVA";"PHS";"PT / PC do B / PHS";"1";"Suplente";"590";"0";"1686592";",03";"18/12/2018 12:38:35"
"RN";"Deputado Estadual";"11234";"ARAKEN BATISTA ARAUJO DA SILVA";"ARAKEN BATISTA";"PP";"PDT / PP / MDB / PODE / DEM";"1";"Suplente";"588";"0";"1686592";",03";"18/12/2018 12:38:35"
"RN";"Deputado Estadual";"77234";"IVERCTON JADISMAR LIMA DA SILVA";"JADISMAR";"SOLIDARIEDADE";"PV / SOLIDARIEDADE";"1";"Suplente";"579";"0";"1686592";",03";"18/12/2018 12:38:35"
"RN";"Deputado Estadual";"70345";"GETULIO TEIXEIRA PESSOA";"GETULIO PESSOA - GG";"AVANTE";"PRB / AVANTE";"1";"Suplente";"579";"0";"1686592";",03";"18/12/2018 12:38:35"
"RN";"Deputado Estadual";"20444";"FRANCISCO CONSTANTINO SOBRINHO";"CONSTANTINO";"PSC";"PATRI / PSL / PSC / DC / PPL";"1";"Suplente";"532";"0";"1686592";",03";"18/12/2018 12:38:35"
"RN";"Deputado Estadual";"20200";"ROBERTA FERNANDES DA SILVA ";"ROBERTA ";"PSC";"PATRI / PSL / PSC / DC / PPL";"1";"Suplente";"531";"0";"1686592";",03";"18/12/2018 12:38:35"
"RN";"Deputado Estadual";"31222";"FRANKLEBERSON NUNES FILGUEIRA";"FRANKLEBERSON FILGUEIRA";"PHS";"PT / PC do B / PHS";"1";"Suplente";"528";"0";"1686592";",03";"18/12/2018 12:38:35"
"RN";"Deputado Estadual";"70222";"CICERO VALE DA SILVA";"CIÇÃO";"AVANTE";"PRB / AVANTE";"1";"Suplente";"521";"0";"1686592";",03";"18/12/2018 12:38:35"
"RN";"Deputado Estadual";"10400";"MARIA DA CONCEICAO LIMA";"CEYÇA LIMA";"PRB";"PRB / AVANTE";"1";"Suplente";"516";"0";"1686592";",03";"18/12/2018 12:38:35"
"RN";"Deputado Estadual";"77773";"LINDEMBERG VARELA DA SILVA";"BERG";"SOLIDARIEDADE";"PV / SOLIDARIEDADE";"1";"Suplente";"501";"0";"1686592";",03";"18/12/2018 12:38:35"
"RN";"Deputado Estadual";"50234";"CARLOS ANTONIO DOS SANTOS DIAS";"CARLINHOS DO GAS";"PSOL";"PSOL";"1";"Suplente";"500";"0";"1686592";",03";"18/12/2018 12:38:35"
"RN";"Deputado Estadual";"20018";"ESAM GIRIES ELALI";"ESAM ELALI";"PSC";"PATRI / PSL / PSC / DC / PPL";"1";"Suplente";"496";"0";"1686592";",03";"18/12/2018 12:38:35"
"RN";"Deputado Estadual";"35888";"FRANCISCO DA CUNHA NETO";"FRANCISCO CUNHA";"PMB";"PTB / PPS / PMB / PTC / PRP";"1";"Suplente";"489";"0";"1686592";",03";"18/12/2018 12:38:35"
"RN";"Deputado Estadual";"65777";"JOSE LEONIÇA DE LIMA FREIRE";"LIMA FREIRE";"PC do B";"PT / PC do B / PHS";"1";"Suplente";"481";"0";"1686592";",03";"18/12/2018 12:38:35"
"RN";"Deputado Estadual";"70999";"FRANCISCO JARISMAR RODRIGUES DA SILVA";"JARISMAR";"AVANTE";"PRB / AVANTE";"1";"Suplente";"468";"0";"1686592";",03";"18/12/2018 12:38:35"
"RN";"Deputado Estadual";"50122";"ISAIAS BATISTA DA CRUZ";"ISAIAS MIRANDINHA";"PSOL";"PSOL";"1";"Suplente";"465";"0";"1686592";",03";"18/12/2018 12:38:35"
"RN";"Deputado Estadual";"40123";"PRISCILA DE ALMEIDA DANTAS";"PRISCILA DANTAS";"PSB";"PR / PSB / PSDB / PSD / PROS";"1";"Suplente";"461";"0";"1686592";",03";"18/12/2018 12:38:35"
"RN";"Deputado Estadual";"36000";"MARIA HELENA DO NASCIMENTO";"LENA";"PTC";"PTB / PPS / PMB / PTC / PRP";"1";"Suplente";"456";"0";"1686592";",03";"18/12/2018 12:38:35"
"RN";"Deputado Estadual";"27789";"JAIR QUEIROZ DA SILVA";"JAIR QUEIROZ";"DC";"PATRI / PSL / PSC / DC / PPL";"1";"Suplente";"451";"0";"1686592";",03";"18/12/2018 12:38:35"
"RN";"Deputado Estadual";"10007";"WILLIAMS FORTUNATO DE MEDEIROS";"WILLIAMS FORT";"PRB";"PRB / AVANTE";"1";"Suplente";"450";"0";"1686592";",03";"18/12/2018 12:38:35"
"RN";"Deputado Estadual";"35223";"GILMAR SILVA DA COSTA";"GILMAR COSTA";"PMB";"PTB / PPS / PMB / PTC / PRP";"1";"Suplente";"440";"0";"1686592";",03";"18/12/2018 12:38:35"
"RN";"Deputado Estadual";"70888";"MARCOS ANTONIO DE ALMEIDA";"MARCOS ALMEIDA";"AVANTE";"PRB / AVANTE";"1";"Suplente";"430";"0";"1686592";",03";"18/12/2018 12:38:35"
"RN";"Deputado Estadual";"70191";"ANTONIO LUIZ FONTES";"AGENTE FONTES";"AVANTE";"PRB / AVANTE";"1";"Suplente";"427";"0";"1686592";",03";"18/12/2018 12:38:35"
"RN";"Deputado Estadual";"25321";"GERCINDO BANDEIRA NAVEGANTES JUNIOR";"NAVEGANTES";"DEM";"PDT / PP / MDB / PODE / DEM";"1";"Suplente";"418";"0";"1686592";",02";"18/12/2018 12:38:35"
"RN";"Deputado Estadual";"77567";"MARIA GENILDA SILVA LUCIANO";"IRMÃ GENILDA";"SOLIDARIEDADE";"PV / SOLIDARIEDADE";"1";"Suplente";"416";"0";"1686592";",02";"18/12/2018 12:38:35"
"RN";"Deputado Estadual";"50111";"CLEITON LUIZ FERNANDES TAVARES";"CLEITON DE PAULA";"PSOL";"PSOL";"1";"Suplente";"401";"0";"1686592";",02";"18/12/2018 12:38:35"
"RN";"Deputado Estadual";"27555";"FRANCISCO DE ASSIS TEIXEIRA FERREIRA";"DOTOZINHO DO ARAÇÁ";"DC";"PATRI / PSL / PSC / DC / PPL";"1";"Suplente";"383";"0";"1686592";",02";"18/12/2018 12:38:35"
"RN";"Deputado Estadual";"10003";"UBIRACI DOS SANTOS SILVA";"JÚNIOR DO OURO";"PRB";"PRB / AVANTE";"1";"Suplente";"380";"0";"1686592";",02";"18/12/2018 12:38:35"
"RN";"Deputado Estadual";"28888";"LUZIFRANCIA OLIVEIRA LIMA";"LUZIFRANCIA LIMA";"PRTB";"PRTB";"1";"Não eleito";"365";"0";"1686592";",02";"18/12/2018 12:38:35"
"RN";"Deputado Estadual";"13555";"JOSE IDALECIO GOMES FERNANDES";"IDALECIO LOIOLA";"PT";"PT / PC do B / PHS";"1";"Suplente";"359";"0";"1686592";",02";"18/12/2018 12:38:35"
"RN";"Deputado Estadual";"27777";"ALYSSON LOPES PINTO";"ALYSSON PINTO";"DC";"PATRI / PSL / PSC / DC / PPL";"1";"Suplente";"350";"0";"1686592";",02";"18/12/2018 12:38:35"
"RN";"Deputado Estadual";"65388";"CICERO CAETANO DE SOUSA NETO";"NETO RAPADURA";"PC do B";"PT / PC do B / PHS";"1";"Suplente";"337";"0";"1686592";",02";"18/12/2018 12:38:35"
"RN";"Deputado Estadual";"20020";"ADEILDO SILAS DE SOUZA";"PASTOR SILAS";"PSC";"PATRI / PSL / PSC / DC / PPL";"1";"Suplente";"336";"0";"1686592";",02";"18/12/2018 12:38:35"
"RN";"Deputado Estadual";"10600";"FRANCISCO DE ASSIS DE SOUZA";"ASSIS O HOMEM DO JUMENTO";"PRB";"PRB / AVANTE";"1";"Suplente";"333";"0";"1686592";",02";"18/12/2018 12:38:35"
"RN";"Deputado Estadual";"50888";"FELIPPE CARDOSO AMORIM SALVINO";"FELIPPE CARDOSO";"PSOL";"PSOL";"1";"Suplente";"331";"0";"1686592";",02";"18/12/2018 12:38:35"
"RN";"Deputado Estadual";"35100";"JOÃO MARIA DUARTE";"JOÃO DAS RODAS";"PMB";"PTB / PPS / PMB / PTC / PRP";"1";"Suplente";"325";"0";"1686592";",02";"18/12/2018 12:38:35"
"RN";"Deputado Estadual";"11112";"JADELSON JACK SALES DE LIMA";"JADELSON SALES";"PP";"PDT / PP / MDB / PODE / DEM";"1";"Suplente";"324";"0";"1686592";",02";"18/12/2018 12:38:35"
"RN";"Deputado Estadual";"10009";"GILMAR RODRIGUES DE OLIVEIRA";"DIRETOR GILMAR";"PRB";"PRB / AVANTE";"1";"Suplente";"321";"0";"1686592";",02";"18/12/2018 12:38:35"
"RN";"Deputado Estadual";"50000";"SUZANE DE PAULA ROESSLER";"SUZANE DE PAULA ROESSLER";"PSOL";"PSOL";"1";"Suplente";"318";"0";"1686592";",02";"18/12/2018 12:38:35"
"RN";"Deputado Estadual";"20222";"ROBERTO FÉLIX PEREIRA";"ROBERTO FÉLIX ";"PSC";"PATRI / PSL / PSC / DC / PPL";"1";"Suplente";"316";"0";"1686592";",02";"18/12/2018 12:38:35"
"RN";"Deputado Estadual";"43222";"LUCIANO MARTINS DE MOURA";"LUCIANO MOURA";"PV";"PV / SOLIDARIEDADE";"1";"Suplente";"310";"0";"1686592";",02";"18/12/2018 12:38:35"
"RN";"Deputado Estadual";"10555";"KELLY KENNYA MAIA DE MORAIS";"KELLY MAIA ";"PRB";"PRB / AVANTE";"1";"Suplente";"304";"0";"1686592";",02";"18/12/2018 12:38:35"
"RN";"Deputado Estadual";"31123";"IRISMAR MOURA DA FONSECA";"IRISMAR FONSECA";"PHS";"PT / PC do B / PHS";"1";"Suplente";"292";"0";"1686592";",02";"18/12/2018 12:38:35"
"RN";"Deputado Estadual";"77611";"DIOCLECIO DE OLIVEIRA";"DIOCLÉCIO";"SOLIDARIEDADE";"PV / SOLIDARIEDADE";"1";"Suplente";"286";"0";"1686592";",02";"18/12/2018 12:38:35"
"RN";"Deputado Estadual";"50015";"RODRIGO SOARES DOS SANTOS";"RODRIGO SANTOS";"PSOL";"PSOL";"1";"Suplente";"279";"0";"1686592";",02";"18/12/2018 12:38:35"
"RN";"Deputado Estadual";"77007";"RADIR PEREIRA DE MOURA JUNIOR";"RADIR MORAL";"SOLIDARIEDADE";"PV / SOLIDARIEDADE";"1";"Suplente";"275";"0";"1686592";",02";"18/12/2018 12:38:35"
"RN";"Deputado Estadual";"70555";"ERIVANDA BARBOSA BELO";"ERIVANDA BELO";"AVANTE";"PRB / AVANTE";"1";"Suplente";"270";"0";"1686592";",02";"18/12/2018 12:38:35"
"RN";"Deputado Estadual";"27007";"MARISA EUNICE NOIA MONTORIL DE LIMA";"MARISA NOIA";"DC";"PATRI / PSL / PSC / DC / PPL";"1";"Suplente";"264";"0";"1686592";",02";"18/12/2018 12:38:35"
"RN";"Deputado Estadual";"13337";"SAYONARA PEREIRA CHACON DE ARAÚJO";"SAYONARA CHACON";"PT";"PT / PC do B / PHS";"1";"Suplente";"262";"0";"1686592";",02";"18/12/2018 12:38:35"
"RN";"Deputado Estadual";"70777";"JOSE DANIEL LISBOA ARRUDA MELO";"DANIEL ARRUDA";"AVANTE";"PRB / AVANTE";"1";"Suplente";"261";"0";"1686592";",02";"18/12/2018 12:38:35"
"RN";"Deputado Estadual";"19000";"NILTON ALEXANDRE GUEDES DA SILVA";"PROFESSOR SOMBRA";"PODE";"PDT / PP / MDB / PODE / DEM";"1";"Suplente";"258";"0";"1686592";",02";"18/12/2018 12:38:35"
"RN";"Deputado Estadual";"50999";"CLYMARY CARDOSO FERREIRA SALVINO";"CLYMARY";"PSOL";"PSOL";"1";"Suplente";"255";"0";"1686592";",02";"18/12/2018 12:38:35"
"RN";"Deputado Estadual";"70007";"JONATAS MICAEL MELO FELIX";"MICAEL MELO";"AVANTE";"PRB / AVANTE";"1";"Suplente";"253";"0";"1686592";",02";"18/12/2018 12:38:35"
"RN";"Deputado Estadual";"17555";"LUZIANE FLAUZINO DA SILVA";"LUZIANE FLAUZINO";"PSL";"PATRI / PSL / PSC / DC / PPL";"1";"Suplente";"251";"0";"1686592";",01";"18/12/2018 12:38:35"
"RN";"Deputado Estadual";"51000";"ANGÉLICA SILVIA CABRAL DE OLIVEIRA";"ANGÉLICA SILVIA";"PATRI";"PATRI / PSL / PSC / DC / PPL";"1";"Suplente";"250";"0";"1686592";",01";"18/12/2018 12:38:35"
"RN";"Deputado Estadual";"12111";"GABRIELA BRAGA SALERNO";"GABRIELA SALERNO";"PDT";"PDT / PP / MDB / PODE / DEM";"1";"Suplente";"249";"0";"1686592";",01";"18/12/2018 12:38:35"
"RN";"Deputado Estadual";"50777";"KATIA REJANE LIMA DE MOURA";"PROF KATIA REJANE";"PSOL";"PSOL";"1";"Suplente";"246";"0";"1686592";",01";"18/12/2018 12:38:35"
"RN";"Deputado Estadual";"50003";"RAIMUNDO NONATO NUNES";"RAIMUNDO BARATA";"PSOL";"PSOL";"1";"Suplente";"242";"0";"1686592";",01";"18/12/2018 12:38:35"
"RN";"Deputado Estadual";"70444";"JORGE LUIZ TEIXEIRA GUIMARAES";"DR. JORGE GUIMARAES";"AVANTE";"PRB / AVANTE";"1";"Suplente";"242";"0";"1686592";",01";"18/12/2018 12:38:35"
"RN";"Deputado Estadual";"65455";"VALDECLECIA VITORINO DA SILVA BEZERRA";"VALDECLECIA BEZERRA";"PC do B";"PT / PC do B / PHS";"1";"Suplente";"242";"0";"1686592";",01";"18/12/2018 12:38:35"
"RN";"Deputado Estadual";"27050";"RAIMUNDO NONATO SOBRINHO";"CINQUENTINHA";"DC";"PATRI / PSL / PSC / DC / PPL";"1";"Suplente";"241";"0";"1686592";",01";"18/12/2018 12:38:35"
"RN";"Deputado Estadual";"70456";"MARINA ELOI DE MELO";"MARINA MELO";"AVANTE";"PRB / AVANTE";"1";"Suplente";"240";"0";"1686592";",01";"18/12/2018 12:38:35"
"RN";"Deputado Estadual";"35110";"MIGUEL PINHEIRO DA SILVA";"MIGUEL PINHEIRO";"PMB";"PTB / PPS / PMB / PTC / PRP";"1";"Suplente";"236";"0";"1686592";",01";"18/12/2018 12:38:35"
"RN";"Deputado Estadual";"18777";"JOCELIO LEANDRO DA COSTA";"JOCÉLIO BARBEIRO";"REDE";"REDE";"1";"Não eleito";"236";"0";"1686592";",01";"18/12/2018 12:38:35"
"RN";"Deputado Estadual";"50666";"CARLOS ANTONIO SANTANA";"CARLOS SANTANA";"PSOL";"PSOL";"1";"Suplente";"235";"0";"1686592";",01";"18/12/2018 12:38:35"
"RN";"Deputado Estadual";"10005";"PATRICIA LUIZ DO NASCIMENTO";"PATRICIA NASCIMENTO";"PRB";"PRB / AVANTE";"1";"Suplente";"232";"0";"1686592";",01";"18/12/2018 12:38:35"
"RN";"Deputado Estadual";"40000";"ALCIONY REGIA SOARES SANTOS";"ALCIONY REGIA";"PSB";"PR / PSB / PSDB / PSD / PROS";"1";"Suplente";"228";"0";"1686592";",01";"18/12/2018 12:38:35"
"RN";"Deputado Estadual";"10100";"RAPHAEL ARAUJO DE HOLANDA";"RAPHAEL HOLANDA";"PRB";"PRB / AVANTE";"1";"Suplente";"228";"0";"1686592";",01";"18/12/2018 12:38:35"
"RN";"Deputado Estadual";"17456";"TIAGO SOLANO DIAS FERNANDES";"TIAGO SOLANO";"PSL";"PATRI / PSL / PSC / DC / PPL";"1";"Suplente";"226";"0";"1686592";",01";"18/12/2018 12:38:35"
"RN";"Deputado Estadual";"18000";"VALDENILSON SEVERINO DA SILVA";"ZECA SILVA";"REDE";"REDE";"1";"Não eleito";"223";"0";"1686592";",01";"18/12/2018 12:38:35"
"RN";"Deputado Estadual";"10456";"DUNAY LIMA DE OLIVEIRA";"DUNAY LIMA";"PRB";"PRB / AVANTE";"1";"Suplente";"222";"0";"1686592";",01";"18/12/2018 12:38:35"
"RN";"Deputado Estadual";"77778";"MARIA BETANIA ARAUJO DANTAS";"BETÂNIA";"SOLIDARIEDADE";"PV / SOLIDARIEDADE";"1";"Suplente";"221";"0";"1686592";",01";"18/12/2018 12:38:35"
"RN";"Deputado Estadual";"70100";"RICARDO JOSE FERNANDES RODRIGUES";"RICARDO DO CECAP";"AVANTE";"PRB / AVANTE";"1";"Suplente";"220";"0";"1686592";",01";"18/12/2018 12:38:35"
"RN";"Deputado Estadual";"70190";"ELZIMAR PEIXOTO MONTEIRO";"ELZIMAR";"AVANTE";"PRB / AVANTE";"1";"Suplente";"217";"0";"1686592";",01";"18/12/2018 12:38:35"
"RN";"Deputado Estadual";"50321";"LARA BIANCK DE OLIVEIRA CONFESSOR";"LARA BIANCK";"PSOL";"PSOL";"1";"Suplente";"207";"0";"1686592";",01";"18/12/2018 12:38:35"
"RN";"Deputado Estadual";"20999";"JOSÉ ANTÕNIO LUCAS NEVES";"LUCAS TUR";"PSC";"PATRI / PSL / PSC / DC / PPL";"1";"Suplente";"206";"0";"1686592";",01";"18/12/2018 12:38:35"
"RN";"Deputado Estadual";"50007";"DARIO GONÇALVES DA SILVA";"DARIO SILVA";"PSOL";"PSOL";"1";"Suplente";"206";"0";"1686592";",01";"18/12/2018 12:38:35"
"RN";"Deputado Estadual";"77077";"LEANDRO PALHARINI";"LEANDRO PALHARINI";"SOLIDARIEDADE";"PV / SOLIDARIEDADE";"1";"Suplente";"205";"0";"1686592";",01";"18/12/2018 12:38:35"
"RN";"Deputado Estadual";"65888";"SAMARA FRANCIONE DA SILVA ARAUJO";"SAMARA FRANCIONE";"PC do B";"PT / PC do B / PHS";"1";"Suplente";"202";"0";"1686592";",01";"18/12/2018 12:38:35"
"RN";"Deputado Estadual";"50333";"LUCINEIA FLORENCIO DE OLIVEIRA MIRANDA DE LIMA";"LUCINEIA FLORENCIO";"PSOL";"PSOL";"1";"Suplente";"200";"0";"1686592";",01";"18/12/2018 12:38:35"
"RN";"Deputado Estadual";"31666";"NIEDSON ROCHA DE SOUZA";"NIEDSON ROCHA";"PHS";"PT / PC do B / PHS";"1";"Suplente";"197";"0";"1686592";",01";"18/12/2018 12:38:35"
"RN";"Deputado Estadual";"70666";"LUCICLEIDE MARIA TENÓRIO TORRES";"CLEIDINHA";"AVANTE";"PRB / AVANTE";"1";"Suplente";"196";"0";"1686592";",01";"18/12/2018 12:38:35"
"RN";"Deputado Estadual";"54192";"JOSÉ ERIVAN FERREIRA CONFESSOR";"XERIFE SARUÊ";"PPL";"PATRI / PSL / PSC / DC / PPL";"1";"Suplente";"185";"0";"1686592";",01";"18/12/2018 12:38:35"
"RN";"Deputado Estadual";"77100";"DANIELE DE SOUTO SILVA";"DANIELE ALECRIM";"SOLIDARIEDADE";"PV / SOLIDARIEDADE";"1";"Suplente";"185";"0";"1686592";",01";"18/12/2018 12:38:35"
"RN";"Deputado Estadual";"50221";"FRANCISCO EVANGELISTA DA SILVA";"EVANGELISTA";"PSOL";"PSOL";"1";"Suplente";"183";"0";"1686592";",01";"18/12/2018 12:38:35"
"RN";"Deputado Estadual";"43099";"JOSE IVONALDO DE ARAUJO";"PROF. IVONALDO";"PV";"PV / SOLIDARIEDADE";"1";"Suplente";"176";"0";"1686592";",01";"18/12/2018 12:38:35"
"RN";"Deputado Estadual";"50800";"SONAYRA KEZIA FELICIO VICTOR";"SOL VICTOR";"PSOL";"PSOL";"1";"Suplente";"174";"0";"1686592";",01";"18/12/2018 12:38:35"
"RN";"Deputado Estadual";"28000";"JULIO CESAR GARCIA DE LIMA";"JULIO CESAR";"PRTB";"PRTB";"1";"Não eleito";"173";"0";"1686592";",01";"18/12/2018 12:38:35"
"RN";"Deputado Estadual";"77987";"MICHELLE PEDROSA E SILVA";"MICHELLE PEDROSA";"SOLIDARIEDADE";"PV / SOLIDARIEDADE";"1";"Suplente";"172";"0";"1686592";",01";"18/12/2018 12:38:35"
"RN";"Deputado Estadual";"90123";"CAROLINE ISRAELLY DA SILVA MARTINS";"CAROL";"PROS";"PR / PSB / PSDB / PSD / PROS";"1";"Suplente";"166";"0";"1686592";",01";"18/12/2018 12:38:35"
"RN";"Deputado Estadual";"36123";"JOSE ADAILTON DA SILVA FERREIRA";"JOSE ADAILTON";"PTC";"PTB / PPS / PMB / PTC / PRP";"1";"Suplente";"163";"0";"1686592";",01";"18/12/2018 12:38:35"
"RN";"Deputado Estadual";"50001";"FRANCISCO ERIVALDO DA COSTA";"ARI DO PAZABELE";"PSOL";"PSOL";"1";"Suplente";"160";"0";"1686592";",01";"18/12/2018 12:38:35"
"RN";"Deputado Estadual";"17999";"LUCIMAR GOMES DA SILVA";"LUCIMAR GOMES";"PSL";"PATRI / PSL / PSC / DC / PPL";"1";"Suplente";"160";"0";"1686592";",01";"18/12/2018 12:38:35"
"RN";"Deputado Estadual";"77223";"DAMIANA CASSIA DA SILVA";"CÁSSIA";"SOLIDARIEDADE";"PV / SOLIDARIEDADE";"1";"Suplente";"158";"0";"1686592";",01";"18/12/2018 12:38:35"
"RN";"Deputado Estadual";"77043";"ILKA KARLA VALENCA TENORIO";"ILKA KARLA";"SOLIDARIEDADE";"PV / SOLIDARIEDADE";"1";"Suplente";"156";"0";"1686592";",01";"18/12/2018 12:38:35"
"RN";"Deputado Estadual";"51222";"SEBASTIÃO MARCIO BEZERRA";"MARCIO DO MEIO AMBIENTE";"PATRI";"PATRI / PSL / PSC / DC / PPL";"1";"Suplente";"155";"0";"1686592";",01";"18/12/2018 12:38:35"
"RN";"Deputado Estadual";"18555";"GILBERTO BALBINO DA COSTA";"INSTRUTOR BALBINO";"REDE";"REDE";"1";"Não eleito";"154";"0";"1686592";",01";"18/12/2018 12:38:35"
"RN";"Deputado Estadual";"77678";"JOSÉ FRANCIMARIO FIDELIS";"PAVÃO GOLEIRO";"SOLIDARIEDADE";"PV / SOLIDARIEDADE";"1";"Suplente";"152";"0";"1686592";",01";"18/12/2018 12:38:35"
"RN";"Deputado Estadual";"19700";"ARNOBIO ALVES DE LIMA";"ARNÓBIO LEÃO";"PODE";"PDT / PP / MDB / PODE / DEM";"1";"Suplente";"151";"0";"1686592";",01";"18/12/2018 12:38:35"
"RN";"Deputado Estadual";"40888";"ELISANGELA MARIA DE OLIVEIRA";"ELISÂNGELA OLIVEIRA";"PSB";"PR / PSB / PSDB / PSD / PROS";"1";"Suplente";"148";"0";"1686592";",01";"18/12/2018 12:38:35"
"RN";"Deputado Estadual";"77110";"JORDANA KAROLINA FERNANDES PEREIRA";"JORDANA";"SOLIDARIEDADE";"PV / SOLIDARIEDADE";"1";"Suplente";"145";"0";"1686592";",01";"18/12/2018 12:38:35"
"RN";"Deputado Estadual";"43443";"ELIANA TORRES DOS SANTOS";"PROFESSORA ELIANA";"PV";"PV / SOLIDARIEDADE";"1";"Suplente";"143";"0";"1686592";",01";"18/12/2018 12:38:35"
"RN";"Deputado Estadual";"51555";"MAYARA ANDRADE ALVES DO NASCIMENTO";"MAYARA";"PATRI";"PATRI / PSL / PSC / DC / PPL";"1";"Suplente";"138";"0";"1686592";",01";"18/12/2018 12:38:35"
"RN";"Deputado Estadual";"50551";"MOACIR GOMES DA SILVA";"MOACIR GAROTINHO";"PSOL";"PSOL";"1";"Suplente";"135";"0";"1686592";",01";"18/12/2018 12:38:35"
"RN";"Deputado Estadual";"19144";"ANTONIO FERNANDES ANDRADE DE SOUZA";"ELVES SHOW";"PODE";"PDT / PP / MDB / PODE / DEM";"1";"Suplente";"133";"0";"1686592";",01";"18/12/2018 12:38:35"
"RN";"Deputado Estadual";"13444";"MARICELMA PEREIRA";"MARICELMA PEREIRA";"PT";"PT / PC do B / PHS";"1";"Suplente";"128";"0";"1686592";",01";"18/12/2018 12:38:35"
"RN";"Deputado Estadual";"10001";"LUCIO FLAVIO CAVALCANTE";"LÚCIO FLÁVIO";"PRB";"PRB / AVANTE";"1";"Suplente";"127";"0";"1686592";",01";"18/12/2018 12:38:35"
"RN";"Deputado Estadual";"65111";"RENIER LUIZ MARTINS MENDES";"PROFESSOR RENIER";"PC do B";"PT / PC do B / PHS";"1";"Suplente";"126";"0";"1686592";",01";"18/12/2018 12:38:35"
"RN";"Deputado Estadual";"28111";"RAIMUNDO RAMIRO DA SILVA";"RAMIRO";"PRTB";"PRTB";"1";"Não eleito";"126";"0";"1686592";",01";"18/12/2018 12:38:35"
"RN";"Deputado Estadual";"43607";"LAILSON ROSALINO MOTA";"LAILSON MOTA";"PV";"PV / SOLIDARIEDADE";"1";"Suplente";"120";"0";"1686592";",01";"18/12/2018 12:38:35"
"RN";"Deputado Estadual";"18881";"ANA MARIA QUERINO DOS SANTOS";"ANA MARIA QUERINO DOS SANTOS";"REDE";"REDE";"1";"Não eleito";"116";"0";"1686592";",01";"18/12/2018 12:38:35"
"RN";"Deputado Estadual";"10777";"LENILDA DA SILVA RODRIGUES";"LENILDA RODRIGUES";"PRB";"PRB / AVANTE";"1";"Suplente";"113";"0";"1686592";",01";"18/12/2018 12:38:35"
"RN";"Deputado Estadual";"10113";"FRANCISCO DE ASSIS TAVARES";"FRANCISCO TAVARES";"PRB";"PRB / AVANTE";"1";"Suplente";"112";"0";"1686592";",01";"18/12/2018 12:38:35"
"RN";"Deputado Estadual";"10444";"JOÃO MARIA LEITE DE SOUSA";"DIDI DUARTE";"PRB";"PRB / AVANTE";"1";"Suplente";"111";"0";"1686592";",01";"18/12/2018 12:38:35"
"RN";"Deputado Estadual";"27027";"MANOEL BENEDITO DOS SANTOS";"DOS SANTOS";"DC";"PATRI / PSL / PSC / DC / PPL";"1";"Suplente";"109";"0";"1686592";",01";"18/12/2018 12:38:35"
"RN";"Deputado Estadual";"77700";"MARIA ROZEILDA DA SILVA";"ROZEILDA";"SOLIDARIEDADE";"PV / SOLIDARIEDADE";"1";"Suplente";"109";"0";"1686592";",01";"18/12/2018 12:38:35"
"RN";"Deputado Estadual";"28012";"ESIEL GALDINO DE OLIVEIRA";"ESIEL GALDINO";"PRTB";"PRTB";"1";"Não eleito";"108";"0";"1686592";",01";"18/12/2018 12:38:35"
"RN";"Deputado Estadual";"77666";"ANTONIA ERINALDA SOARES";"ANTONIA";"SOLIDARIEDADE";"PV / SOLIDARIEDADE";"1";"Suplente";"106";"0";"1686592";",01";"18/12/2018 12:38:35"
"RN";"Deputado Estadual";"27272";"JAECIO DE OLIVEIRA CARLOS";"JAECIO CARLOS";"DC";"PATRI / PSL / PSC / DC / PPL";"1";"Suplente";"92";"0";"1686592";",01";"18/12/2018 12:38:35"
"RN";"Deputado Estadual";"70488";"MARIA LUCIA VIEIRA DE SOUTO";"LUCIA ARTESÃ";"AVANTE";"PRB / AVANTE";"1";"Suplente";"92";"0";"1686592";",01";"18/12/2018 12:38:35"
"RN";"Deputado Estadual";"50050";"GESONITA MORAIS DOS SANTOS";"GESONITA MORAIS";"PSOL";"PSOL";"1";"Suplente";"91";"0";"1686592";",01";"18/12/2018 12:38:35"
"RN";"Deputado Estadual";"10111";"SIRIO DE NAZARE AMARAL PINHEIRO";"SÍRIO PINHEIRO";"PRB";"PRB / AVANTE";"1";"Suplente";"88";"0";"1686592";",01";"18/12/2018 12:38:35"
"RN";"Deputado Estadual";"18018";"CRISTINA GOMES DE AGUIAR";"CRISTINA AGUIAR";"REDE";"REDE";"1";"Não eleito";"84";"0";"1686592";"0";"18/12/2018 12:38:35"
"RN";"Deputado Estadual";"27103";"RITA DE CASSIA RODRIGUES MARQUES";"CASSIA MADRID";"DC";"PATRI / PSL / PSC / DC / PPL";"1";"Suplente";"80";"0";"1686592";"0";"18/12/2018 12:38:35"
"RN";"Deputado Estadual";"18180";"FRANCIMERE DIONISIO DA SILVA LIMA EVANGELISTA";"FRANCIMERE DIONISIO";"REDE";"REDE";"1";"Não eleito";"77";"0";"1686592";"0";"18/12/2018 12:38:35"
"RN";"Deputado Estadual";"31444";"CLESIOSÂNGINA NUNES ABRANTES";"PROFª CLÉO";"PHS";"PT / PC do B / PHS";"1";"Suplente";"76";"0";"1686592";"0";"18/12/2018 12:38:35"
"RN";"Deputado Estadual";"55200";"MARIA DE FATIMA GURGEL DE SOUSA";"MOCINHA DE BARROCAS";"PSD";"PR / PSB / PSDB / PSD / PROS";"1";"Suplente";"76";"0";"1686592";"0";"18/12/2018 12:38:35"
"RN";"Deputado Estadual";"19111";"VANIA MARIA ARCANJO DA SILVA";"VANIA INDIA DO CATÚ";"PODE";"PDT / PP / MDB / PODE / DEM";"1";"Suplente";"75";"0";"1686592";"0";"18/12/2018 12:38:35"
"RN";"Deputado Estadual";"31999";"LUCILENE DO NASCIMENTO LIMA";"LUCILENE LIMA";"PHS";"PT / PC do B / PHS";"1";"Suplente";"74";"0";"1686592";"0";"18/12/2018 12:38:35"
"RN";"Deputado Estadual";"10999";"TAINAH TORRES";"TAINAH TORRES";"PRB";"PRB / AVANTE";"1";"Suplente";"64";"0";"1686592";"0";"18/12/2018 12:38:35"
"RN";"Deputado Estadual";"65779";"SEVERINA RAMOS DA CUNHA";"RAMA CUNHA";"PC do B";"PT / PC do B / PHS";"1";"Suplente";"63";"0";"1686592";"0";"18/12/2018 12:38:35"
"RN";"Deputado Estadual";"27999";"JULIETA DE LIMA MAGALHAES";"JULIETA MAGALHAES";"DC";"PATRI / PSL / PSC / DC / PPL";"1";"Suplente";"60";"0";"1686592";"0";"18/12/2018 12:38:35"
"RN";"Deputado Estadual";"43100";"ANA MARIA FIGUEIREDO FORMIGA";"ANA MARIA";"PV";"PV / SOLIDARIEDADE";"1";"Suplente";"55";"0";"1686592";"0";"18/12/2018 12:38:35"
"RN";"Deputado Estadual";"27112";"DAURIENE DE SOUZA SILVA";"DAURI";"DC";"PATRI / PSL / PSC / DC / PPL";"1";"Suplente";"48";"0";"1686592";"0";"18/12/2018 12:38:35"
"RN";"Deputado Estadual";"14321";"RENATO BRENO FERREIRA DA SILVA";"RENATO BRENO";"PTB";"PTB / PPS / PMB / PTC / PRP";"1";"Suplente";"43";"0";"1686592";"0";"18/12/2018 12:38:35"
"RN";"Deputado Estadual";"29029";"HENRIQUE OTHON COSTA DE LYRA";"HENRIQUE LYRA";"PCO";"PCO";"1";"Não eleito";"43";"0";"1686592";"0";"18/12/2018 12:38:35"
"RN";"Deputado Estadual";"43777";"MARIA JOSÉ ALMEIDA DE LIMA";"MARIA JOSÉ DO PV";"PV";"PV / SOLIDARIEDADE";"1";"Suplente";"39";"0";"1686592";"0";"18/12/2018 12:38:35"
"RN";"Deputado Estadual";"65666";"MARIA DO SOCORRO MARIANO DA CUNHA";"MARIA CUNHA";"PC do B";"PT / PC do B / PHS";"1";"Suplente";"39";"0";"1686592";"0";"18/12/2018 12:38:35"
"RN";"Deputado Estadual";"50357";"RAQUEL KADIDJA DE OLIVEIRA";"RAQUEL OLIVEIRA";"PSOL";"PSOL";"1";"Suplente";"38";"0";"1686592";"0";"18/12/2018 12:38:35"
"RN";"Deputado Estadual";"31888";"GILENE MEDEIROS DE OLIVEIRA LIBANIO";"GILENE MEDEIROS";"PHS";"PT / PC do B / PHS";"1";"Suplente";"34";"0";"1686592";"0";"18/12/2018 12:38:35"
"RN";"Deputado Estadual";"10500";"GEANE DA SILVA MARINHO CANARIO";"GEANE CANÁRIO ";"PRB";"PRB / AVANTE";"1";"Suplente";"29";"0";"1686592";"0";"18/12/2018 12:38:35"
"RN";"Deputado Estadual";"77680";"FRANCISCO DAS CHAGAS LAU JUNIOR";"JUNIOR LAU";"SOLIDARIEDADE";"PV / SOLIDARIEDADE";"1";"Suplente";"28";"0";"1686592";"0";"18/12/2018 12:38:35"
"RN";"Deputado Estadual";"70870";"MARCIONILA NAYARA SOUZA DA SILVA";"DRA. MARCIONILA";"AVANTE";"PRB / AVANTE";"1";"Suplente";"27";"0";"1686592";"0";"18/12/2018 12:38:35"
"RN";"Deputado Estadual";"10300";"PAMMELA DE OLIVEIRA EVARISTO DOURADO";"PAMMELA DOURADO";"PRB";"PRB / AVANTE";"1";"Suplente";"23";"0";"1686592";"0";"18/12/2018 12:38:35"
"RN";"Deputado Estadual";"19133";"GIDLAF MACÁRIO DE MORAIS";"GID MACARIO";"PODE";"PDT / PP / MDB / PODE / DEM";"1";"Suplente";"9";"0";"1686592";"0";"18/12/2018 12:38:35"
"RN";"Deputado Estadual";"28060";"ANA CRISTINA DA SILVA MELO";"CRISTINA MELO";"PRTB";"PRTB";"1";"Não eleito";"4";"0";"1686592";"0";"18/12/2018 12:38:35"
"RN";"Deputado Estadual";"77015";"JOSE MARCIEL NOGUEIRA";"MARCIEL JORNALISTA";"SOLIDARIEDADE";"PV / SOLIDARIEDADE";"1";"Suplente";"4";"0";"1686592";"0";"18/12/2018 12:38:35"
"RN";"Deputado Estadual";"12007";"DUCIRENE MOURA DE OLIVEIRA";"DUCIRENE OLIVEIRA";"PDT";"PDT / PP / MDB / PODE / DEM";"1";"Não eleito";"0";"0";"1686592";"0";"18/12/2018 12:38:35"
"RN";"Deputado Estadual";"77999";"CRIZELDA MARIA LEITÃO DE ALMEIDA";"CRIZELDA";"SOLIDARIEDADE";"PV / SOLIDARIEDADE";"1";"Não eleito";"0";"0";"1686592";"0";"18/12/2018 12:38:35"
"RN";"Deputado Estadual";"55111";"RUDSON RAIMUNDO HONORIO LISBOA";"DISON LISBOA";"PSD";"PR / PSB / PSDB / PSD / PROS";"1";"Não eleito";"0";"0";"1686592";"0";"18/12/2018 12:38:35"
"RN";"Deputado Estadual";"13777";"MARY REGINA DOS SANTOS COSTA";"SARGENTA REGINA";"PT";"PT / PC do B / PHS";"1";"Não eleito";"0";"0";"1686592";"0";"18/12/2018 12:38:35"
"RN";"Deputado Estadual";"12444";"ANTONIO FERREIRA DO NASCIMENTO";"ANTONIO FERREIRA";"PDT";"PDT / PP / MDB / PODE / DEM";"1";"Não eleito";"0";"0";"1686592";"0";"18/12/2018 12:38:35"
"RN";"Deputado Estadual";"27222";"ANTONIA GIRLANDE DA SILVA";"IRMÃ GIGI";"DC";"PATRI / PSL / PSC / DC / PPL";"1";"Não eleito";"0";"0";"1686592";"0";"18/12/2018 12:38:35"
"RN";"Deputado Estadual";"50789";"ANA CRISTINA DE LIMA";"PROF ANA CRISTINA";"PSOL";"PSOL";"1";"Não eleito";"0";"0";"1686592";"0";"18/12/2018 12:38:35"
"RN";"Deputado Estadual";"90000";"JOSÉ ARISTÓTELES CHAVES";"DR. ARI";"PROS";"PR / PSB / PSDB / PSD / PROS";"1";"Não eleito";"0";"0";"1686592";"0";"18/12/2018 12:38:35"
"RN";"Deputado Estadual";"43234";"CLEYDSON WAGNER BEZERRA DE MOURA";"WAGNER MOURA";"PV";"PV / SOLIDARIEDADE";"1";"Suplente";"0";"0";"1686592";"0";"18/12/2018 12:38:35"
"RN";"Deputado Estadual";"18188";"EDSON BEZERRA DE OLIVEIRA";"EDSON BEZERRA";"REDE";"REDE";"1";"Não eleito";"0";"0";"1686592";"0";"18/12/2018 12:38:35"
"RN";"Deputado Estadual";"10200";"EMANUEL MARQUES DO NASCIMENTO";"JOÃOZINHO PESCADOR";"PRB";"PRB / AVANTE";"1";"Não eleito";"0";"0";"1686592";"0";"18/12/2018 12:38:35"
"RN";"Deputado Estadual";"44999";"LOURIVAL RIBEIRO DA SILVA";"LOURIVAL RIBEIRO";"PRP";"PTB / PPS / PMB / PTC / PRP";"1";"Não eleito";"0";"0";"1686592";"0";"18/12/2018 12:38:35"
"RN";"Deputado Estadual";"20123";"ERIVAN ALVES FARIAS";"ERIVAN DE SEU ELINO";"PSC";"PATRI / PSL / PSC / DC / PPL";"1";"Não eleito";"0";"0";"1686592";"0";"18/12/2018 12:38:35"
"RN";"Deputado Estadual";"45611";"RAYANE BARBOSA DA SILVA";"RAYANE";"PSDB";"PR / PSB / PSDB / PSD / PROS";"1";"Não eleito";"0";"0";"1686592";"0";"18/12/2018 12:38:35"
